AccountID,CustomerID,AccountType,Balance,OpeningDate,OverdraftLimit,Status,BranchID
ACC000001,CUST000150,Checking,4582.87,2020-11-13,836.58,Inactive,BRN000228
ACC000002,CUST000553,Business,9016.53,2020-03-28,418.05,Active,BRN000188
ACC000003,CUST000473,Savings,6832.33,2022-06-15,358.12,Active,BRN000707
ACC000004,CUST000482,Checking,2834.97,2020-04-26,780.69,Active,BRN000938
ACC000005,CUST000981,Business,7523.9,2021-01-13,619.95,Inactive,BRN000761
ACC000006,CUST000341,Savings,5657.72,2024-08-02,799.56,Inactive,BRN000448
ACC000007,CUST000994,Business,5284.28,2022-12-12,135.16,Closed,BRN000250
ACC000008,CUST000472,Checking,8202.96,2023-03-24,630.03,Active,BRN000312
ACC000009,CUST000609,Checking,3954.99,2020-10-06,908.96,Closed,BRN000221
ACC000010,CUST000359,Savings,247.96,2020-10-02,411.99,Closed,BRN000592
ACC000011,CUST000319,Checking,6069.87,2020-08-24,959.96,Inactive,BRN000582
ACC000012,CUST000548,Business,3937.75,2023-02-05,221.61,Closed,BRN000098
ACC000013,CUST000086,Business,7618.75,2022-09-13,445.45,Active,BRN000385
ACC000014,CUST000650,Savings,6985.55,2022-11-25,842.6,Closed,BRN000865
ACC000015,CUST000977,Business,1258.17,2022-01-17,160.59,Inactive,BRN000234
ACC000016,CUST000560,Business,5066.65,2022-12-23,402.61,Closed,BRN000668
ACC000017,CUST000557,Business,6524.95,2020-03-11,173.5,Active,BRN000226
ACC000018,CUST000821,Savings,5308.91,2020-01-10,843.22,Inactive,BRN000008
ACC000019,CUST000852,Checking,2117.93,2020-07-06,995.74,Inactive,BRN000656
ACC000020,CUST000694,Savings,5214.48,2021-10-22,757.33,Closed,BRN000957
ACC000021,CUST000855,Business,8850.16,2022-07-10,492.27,Closed,BRN000429
ACC000022,CUST000408,Business,6559.51,2020-06-06,666.31,Closed,BRN000726
ACC000023,CUST000153,Savings,1809.28,2023-03-14,330.17,Active,BRN000539
ACC000024,CUST000966,Savings,7941.38,2021-07-10,565.77,Closed,BRN000022
ACC000025,CUST000597,Business,8970.57,2024-04-23,145.71,Inactive,BRN000513
ACC000026,CUST000816,Business,3185.51,2023-07-28,296.69,Closed,BRN000962
ACC000027,CUST000816,Checking,6508.17,2023-07-23,792.14,Inactive,BRN000517
ACC000028,CUST000920,Business,836.28,2020-03-29,308.24,Active,BRN000431
ACC000029,CUST000291,Business,8314.92,2020-04-10,927.62,Inactive,BRN000099
ACC000030,CUST000922,Checking,8734.31,2023-07-25,484.52,Inactive,BRN000324
ACC000031,CUST000139,Savings,8714.98,2024-01-20,153.77,Active,BRN000113
ACC000032,CUST000142,Savings,9697.72,2021-02-21,215.32,Closed,BRN000137
ACC000033,CUST000109,Business,6732.53,2023-03-09,641.23,Active,BRN000772
ACC000034,CUST000893,Savings,2532.1,2024-09-21,446.11,Closed,BRN000741
ACC000035,CUST000819,Business,5246.61,2024-08-21,189.43,Closed,BRN000859
ACC000036,CUST000971,Checking,2325.33,2022-09-10,241.08,Inactive,BRN000018
ACC000037,CUST000566,Business,9546.92,2021-01-15,598.91,Closed,BRN000110
ACC000038,CUST000600,Business,5529.79,2022-09-13,264.88,Active,BRN000615
ACC000039,CUST000463,Business,2328.05,2020-10-25,566.77,Inactive,BRN000079
ACC000040,CUST000624,Business,4816.7,2023-10-22,694.22,Closed,BRN000629
ACC000041,CUST000005,Business,6194.38,2021-05-13,745.69,Active,BRN000887
ACC000042,CUST000133,Savings,452.86,2025-01-08,985.58,Inactive,BRN000370
ACC000043,CUST000836,Business,2459.9,2023-08-08,946.91,Active,BRN000903
ACC000044,CUST000466,Checking,2891.71,2022-09-16,687.29,Active,BRN000495
ACC000045,CUST000258,Checking,9102.61,2024-07-11,755.62,Closed,BRN000655
ACC000046,CUST000218,Savings,3093.71,2021-02-14,523.45,Inactive,BRN000434
ACC000047,CUST000028,Checking,6480.64,2020-03-05,145.2,Active,BRN000346
ACC000048,CUST000535,Checking,3589.71,2022-02-12,635.45,Active,BRN000199
ACC000049,CUST000756,Savings,7239.66,2024-08-30,558.22,Closed,BRN000379
ACC000050,CUST000728,Business,3300.63,2020-03-17,914.8,Inactive,BRN000407
ACC000051,CUST000339,Savings,6438.38,2025-02-15,790.17,Inactive,BRN000415
ACC000052,CUST000822,Savings,7460.4,2021-03-31,653.49,Closed,BRN000743
ACC000053,CUST000905,Savings,603.17,2025-01-05,330.88,Closed,BRN000992
ACC000054,CUST000982,Savings,4297.31,2023-05-05,994.49,Active,BRN000123
ACC000055,CUST000200,Checking,5556.7,2021-05-30,117.65,Inactive,BRN000699
ACC000056,CUST000376,Savings,8812.5,2023-01-13,641.22,Active,BRN000489
ACC000057,CUST000999,Savings,5227.41,2023-09-10,963.95,Closed,BRN000063
ACC000058,CUST000919,Business,8793.64,2021-03-26,752.07,Inactive,BRN000226
ACC000059,CUST000695,Checking,6031.62,2022-12-13,428.92,Inactive,BRN000419
ACC000060,CUST000896,Business,1501.15,2024-03-04,699.8,Closed,BRN000232
ACC000061,CUST000116,Checking,1321.3,2020-05-26,110.3,Active,BRN000028
ACC000062,CUST000952,Savings,1407.62,2020-07-23,228.63,Inactive,BRN000359
ACC000063,CUST000014,Checking,3570.42,2023-02-16,498.08,Closed,BRN000343
ACC000064,CUST000409,Checking,7758.93,2021-05-16,119.01,Closed,BRN000940
ACC000065,CUST000429,Savings,7855.95,2022-12-24,881.06,Closed,BRN000126
ACC000066,CUST000088,Checking,9832.37,2023-09-06,839.79,Closed,BRN000321
ACC000067,CUST000651,Checking,1868.48,2020-08-10,213.7,Active,BRN000010
ACC000068,CUST000950,Savings,8842.02,2023-06-23,857.97,Closed,BRN000611
ACC000069,CUST000728,Business,4377.51,2021-08-21,174.03,Closed,BRN000926
ACC000070,CUST000106,Checking,1582.16,2023-02-20,980.31,Inactive,BRN000114
ACC000071,CUST000752,Business,2010.28,2021-03-29,118.32,Inactive,BRN000256
ACC000072,CUST000350,Checking,7862.26,2022-06-20,273.04,Inactive,BRN000023
ACC000073,CUST000079,Savings,1801.98,2022-03-18,477.09,Closed,BRN000505
ACC000074,CUST000421,Business,6985.29,2023-09-08,516.5,Active,BRN000810
ACC000075,CUST000940,Business,6391.47,2022-05-06,506.5,Closed,BRN000934
ACC000076,CUST000304,Savings,1972.1,2024-11-16,204.55,Closed,BRN000587
ACC000077,CUST000879,Savings,3131.67,2022-01-23,420.73,Closed,BRN000245
ACC000078,CUST000326,Savings,9805.54,2023-05-15,216.84,Closed,BRN000529
ACC000079,CUST000684,Business,3514.09,2023-09-23,629.19,Inactive,BRN000644
ACC000080,CUST000162,Savings,295.46,2021-03-16,801.51,Active,BRN000543
ACC000081,CUST000509,Savings,8504.05,2024-07-03,236.53,Active,BRN000991
ACC000082,CUST000499,Savings,9804.84,2024-02-18,843.44,Active,BRN000851
ACC000083,CUST000110,Savings,6820.86,2024-10-21,632.23,Closed,BRN000237
ACC000084,CUST000343,Business,1235.23,2021-08-23,814.3,Inactive,BRN000078
ACC000085,CUST000279,Savings,4861.56,2020-04-17,492.34,Active,BRN000744
ACC000086,CUST000891,Checking,497.55,2024-03-05,910.65,Active,BRN000990
ACC000087,CUST000900,Savings,6350.87,2022-07-09,861.03,Active,BRN000659
ACC000088,CUST000333,Savings,2880.5,2020-11-21,869.48,Inactive,BRN000826
ACC000089,CUST000801,Business,2200.24,2020-08-07,120.78,Active,BRN000982
ACC000090,CUST000145,Checking,4686.47,2024-10-03,832.17,Active,BRN000362
ACC000091,CUST000178,Business,1580.15,2021-03-12,255.39,Active,BRN000756
ACC000092,CUST000245,Savings,6348.39,2023-11-18,251.54,Closed,BRN000995
ACC000093,CUST000587,Savings,9722.32,2023-01-30,842.03,Active,BRN000037
ACC000094,CUST000494,Savings,8182.68,2021-06-06,483.29,Active,BRN000041
ACC000095,CUST000578,Checking,7273.0,2024-10-17,122.16,Closed,BRN000420
ACC000096,CUST000690,Savings,5402.2,2020-10-21,982.53,Closed,BRN000685
ACC000097,CUST000256,Business,2407.74,2023-11-14,574.99,Inactive,BRN000194
ACC000098,CUST000049,Checking,7223.98,2020-03-02,145.72,Active,BRN000413
ACC000099,CUST000760,Business,145.96,2022-06-26,828.86,Inactive,BRN000989
ACC000100,CUST000151,Business,5982.6,2022-05-23,142.89,Closed,BRN000040
ACC000101,CUST000475,Business,1908.22,2024-09-22,714.59,Active,BRN000043
ACC000102,CUST000977,Savings,1825.18,2022-05-01,557.01,Active,BRN000760
ACC000103,CUST000559,Business,3195.39,2021-02-28,332.07,Inactive,BRN000198
ACC000104,CUST000477,Business,6712.42,2022-08-01,245.17,Inactive,BRN000402
ACC000105,CUST000347,Savings,3878.53,2021-09-06,587.49,Inactive,BRN000587
ACC000106,CUST000872,Business,9785.4,2022-01-15,303.85,Inactive,BRN000436
ACC000107,CUST000854,Checking,3007.88,2022-08-08,547.4,Inactive,BRN000938
ACC000108,CUST000212,Savings,7277.24,2023-03-30,641.82,Active,BRN000182
ACC000109,CUST000464,Business,6636.11,2020-08-01,886.3,Active,BRN000896
ACC000110,CUST000446,Savings,1002.17,2020-02-22,208.15,Inactive,BRN000710
ACC000111,CUST000209,Checking,5365.98,2020-08-05,857.19,Inactive,BRN000014
ACC000112,CUST000395,Business,3185.63,2024-01-18,994.8,Active,BRN000077
ACC000113,CUST000645,Savings,154.35,2025-02-07,804.65,Active,BRN000615
ACC000114,CUST000215,Savings,6756.6,2022-07-25,766.38,Active,BRN000876
ACC000115,CUST000561,Business,1616.33,2022-05-14,783.84,Closed,BRN000025
ACC000116,CUST000551,Savings,1015.64,2024-09-22,363.1,Active,BRN000750
ACC000117,CUST000933,Checking,7318.2,2022-10-25,661.71,Active,BRN000896
ACC000118,CUST000068,Savings,8884.53,2023-02-24,760.39,Closed,BRN000785
ACC000119,CUST000336,Checking,4697.83,2022-02-14,630.34,Active,BRN000099
ACC000120,CUST000222,Checking,5475.91,2021-09-29,352.87,Active,BRN000392
ACC000121,CUST000828,Business,8744.22,2020-10-06,143.2,Active,BRN000476
ACC000122,CUST000150,Savings,467.86,2020-05-07,256.91,Active,BRN000858
ACC000123,CUST000135,Savings,9365.75,2023-06-16,410.16,Active,BRN000960
ACC000124,CUST000155,Checking,3897.88,2021-03-17,212.57,Inactive,BRN000675
ACC000125,CUST000778,Checking,1329.69,2023-10-10,403.93,Inactive,BRN000601
ACC000126,CUST000854,Checking,2588.59,2023-09-03,333.58,Active,BRN000391
ACC000127,CUST000606,Savings,4193.66,2024-04-07,958.5,Active,BRN000375
ACC000128,CUST000244,Business,3959.46,2021-07-15,783.37,Inactive,BRN000816
ACC000129,CUST000992,Savings,1041.3,2021-03-16,850.24,Closed,BRN000642
ACC000130,CUST000788,Savings,5577.77,2021-01-07,858.72,Active,BRN000263
ACC000131,CUST000204,Checking,3024.99,2024-02-22,152.46,Inactive,BRN000045
ACC000132,CUST000978,Business,5863.2,2021-10-09,525.19,Closed,BRN000736
ACC000133,CUST000256,Checking,3313.33,2022-01-26,843.91,Closed,BRN000821
ACC000134,CUST000981,Business,5787.98,2021-09-21,780.88,Closed,BRN000510
ACC000135,CUST000382,Business,287.11,2024-04-23,696.76,Inactive,BRN000480
ACC000136,CUST000419,Savings,3879.66,2021-04-05,814.6,Closed,BRN000172
ACC000137,CUST000836,Business,7154.09,2022-11-25,263.38,Closed,BRN000968
ACC000138,CUST000154,Savings,3179.95,2021-03-03,703.47,Inactive,BRN000433
ACC000139,CUST000054,Business,9885.81,2020-05-19,855.41,Inactive,BRN000405
ACC000140,CUST000168,Savings,6903.2,2025-01-17,345.17,Closed,BRN000734
ACC000141,CUST000901,Checking,3669.62,2021-08-18,966.25,Closed,BRN000099
ACC000142,CUST000442,Checking,1200.04,2024-02-03,729.37,Inactive,BRN000730
ACC000143,CUST000590,Checking,5554.26,2023-08-01,527.97,Inactive,BRN000360
ACC000144,CUST000749,Savings,1118.85,2024-12-29,538.02,Closed,BRN000492
ACC000145,CUST000561,Business,5167.76,2021-06-17,248.26,Closed,BRN000572
ACC000146,CUST000911,Business,3888.27,2020-03-12,166.34,Active,BRN000489
ACC000147,CUST000910,Business,9641.59,2022-03-01,788.39,Active,BRN000375
ACC000148,CUST000566,Business,7628.3,2020-05-28,157.62,Active,BRN000763
ACC000149,CUST000601,Savings,3929.86,2023-12-07,114.48,Active,BRN000723
ACC000150,CUST000133,Savings,4881.05,2020-07-14,769.1,Inactive,BRN000914
ACC000151,CUST000207,Checking,4067.41,2023-04-11,546.99,Closed,BRN000058
ACC000152,CUST000761,Checking,3288.95,2020-08-16,956.07,Inactive,BRN000615
ACC000153,CUST000793,Checking,1401.85,2023-10-30,988.2,Active,BRN000657
ACC000154,CUST000949,Checking,3032.65,2020-11-16,561.43,Active,BRN000622
ACC000155,CUST000357,Savings,3808.19,2021-11-28,365.65,Inactive,BRN000452
ACC000156,CUST000422,Savings,2100.02,2024-11-26,161.41,Active,BRN000851
ACC000157,CUST000947,Savings,4567.9,2020-10-13,352.68,Active,BRN000750
ACC000158,CUST000389,Checking,9132.7,2020-06-12,749.81,Closed,BRN000845
ACC000159,CUST000169,Savings,4914.75,2020-12-27,588.86,Inactive,BRN000293
ACC000160,CUST000726,Checking,8386.17,2024-07-27,688.83,Closed,BRN000516
ACC000161,CUST000650,Checking,1335.94,2023-02-08,138.53,Active,BRN000307
ACC000162,CUST000836,Savings,3895.39,2020-08-28,267.49,Inactive,BRN000886
ACC000163,CUST000312,Checking,3559.75,2022-06-05,733.11,Active,BRN000858
ACC000164,CUST000110,Business,400.86,2020-09-17,362.04,Closed,BRN000548
ACC000165,CUST000698,Savings,7635.44,2024-08-16,685.51,Closed,BRN000263
ACC000166,CUST000798,Savings,6099.34,2022-07-08,674.47,Closed,BRN000125
ACC000167,CUST000930,Checking,825.08,2024-09-25,598.8,Inactive,BRN000957
ACC000168,CUST000529,Business,3386.93,2020-02-22,923.24,Closed,BRN000503
ACC000169,CUST000923,Savings,5565.1,2020-02-11,328.55,Closed,BRN000525
ACC000170,CUST000476,Savings,6690.04,2020-03-02,390.72,Inactive,BRN000640
ACC000171,CUST000354,Checking,8004.65,2023-05-14,263.92,Closed,BRN000294
ACC000172,CUST000349,Savings,5867.28,2021-12-05,990.34,Closed,BRN000511
ACC000173,CUST000223,Savings,848.24,2024-10-02,633.7,Closed,BRN000135
ACC000174,CUST000435,Business,880.65,2024-01-04,841.87,Active,BRN000938
ACC000175,CUST000084,Checking,4082.29,2020-11-24,273.38,Active,BRN000900
ACC000176,CUST000499,Checking,9591.98,2023-05-15,718.48,Closed,BRN000280
ACC000177,CUST000215,Checking,5571.63,2020-10-31,901.64,Closed,BRN000297
ACC000178,CUST000105,Savings,1717.39,2023-04-15,692.91,Inactive,BRN000512
ACC000179,CUST000886,Business,1990.18,2023-04-20,739.46,Active,BRN000187
ACC000180,CUST000771,Business,6900.84,2024-01-08,461.75,Active,BRN000134
ACC000181,CUST000531,Savings,660.87,2024-10-29,922.78,Inactive,BRN000026
ACC000182,CUST000920,Savings,7103.48,2021-10-21,134.95,Active,BRN000232
ACC000183,CUST000076,Savings,2836.66,2023-12-12,325.93,Inactive,BRN000511
ACC000184,CUST000363,Checking,7464.53,2021-08-12,337.57,Closed,BRN000890
ACC000185,CUST000188,Business,6388.86,2021-03-26,371.08,Inactive,BRN000473
ACC000186,CUST000847,Savings,1501.77,2021-02-22,241.38,Inactive,BRN000316
ACC000187,CUST000875,Savings,8148.22,2020-01-25,115.55,Inactive,BRN000014
ACC000188,CUST000338,Business,3055.32,2021-09-14,442.1,Active,BRN000199
ACC000189,CUST000885,Business,7789.28,2024-12-06,679.8,Closed,BRN000552
ACC000190,CUST000419,Checking,2112.11,2021-04-15,674.16,Closed,BRN000648
ACC000191,CUST000253,Business,1150.29,2021-01-23,588.85,Active,BRN000021
ACC000192,CUST000748,Business,4814.96,2024-10-14,744.25,Closed,BRN000287
ACC000193,CUST000838,Business,7359.66,2023-05-31,461.91,Closed,BRN000899
ACC000194,CUST000119,Savings,5950.73,2024-11-14,115.77,Active,BRN000879
ACC000195,CUST000348,Business,1805.58,2020-03-24,266.5,Inactive,BRN000612
ACC000196,CUST000787,Savings,4023.97,2023-09-01,101.62,Inactive,BRN000533
ACC000197,CUST000574,Checking,3781.88,2020-10-25,887.73,Closed,BRN000984
ACC000198,CUST000497,Savings,7551.4,2020-04-05,212.69,Active,BRN000815
ACC000199,CUST000619,Business,7318.28,2024-01-23,651.49,Inactive,BRN000745
ACC000200,CUST000055,Savings,9518.34,2021-01-01,745.32,Inactive,BRN000223
ACC000201,CUST000259,Business,8864.96,2021-03-23,985.55,Closed,BRN000095
ACC000202,CUST000597,Checking,2645.56,2023-02-14,763.08,Inactive,BRN000801
ACC000203,CUST000536,Checking,3032.69,2021-04-05,997.54,Closed,BRN000800
ACC000204,CUST000046,Checking,924.53,2023-02-24,454.15,Inactive,BRN000810
ACC000205,CUST000976,Checking,2130.63,2020-05-25,565.77,Inactive,BRN000552
ACC000206,CUST000242,Business,6727.6,2022-03-27,538.42,Active,BRN000540
ACC000207,CUST000163,Savings,903.69,2021-02-15,654.34,Active,BRN000071
ACC000208,CUST000776,Business,6625.49,2025-02-23,975.02,Closed,BRN000601
ACC000209,CUST000129,Checking,697.16,2021-11-13,786.66,Closed,BRN000199
ACC000210,CUST000115,Checking,4923.34,2021-12-28,481.25,Active,BRN000993
ACC000211,CUST000179,Savings,7250.97,2023-10-15,197.16,Inactive,BRN000284
ACC000212,CUST000334,Checking,2264.56,2024-04-02,340.37,Active,BRN000732
ACC000213,CUST000898,Checking,8093.85,2021-10-02,606.08,Active,BRN000779
ACC000214,CUST000550,Checking,6756.67,2020-07-20,364.73,Active,BRN000208
ACC000215,CUST000302,Checking,8732.86,2020-02-04,392.0,Closed,BRN000507
ACC000216,CUST000772,Business,8545.44,2024-03-22,932.03,Closed,BRN000644
ACC000217,CUST000659,Checking,4382.27,2020-05-26,162.22,Active,BRN000212
ACC000218,CUST000420,Savings,7683.06,2025-01-21,626.35,Inactive,BRN000590
ACC000219,CUST000490,Checking,6726.77,2021-01-07,395.71,Inactive,BRN000650
ACC000220,CUST000207,Checking,3277.97,2023-08-31,316.82,Inactive,BRN000720
ACC000221,CUST000896,Checking,2133.65,2023-03-14,906.07,Inactive,BRN000372
ACC000222,CUST000679,Savings,822.78,2021-01-19,826.82,Inactive,BRN000212
ACC000223,CUST000907,Checking,2186.84,2021-01-11,444.05,Active,BRN000050
ACC000224,CUST000435,Checking,2995.57,2021-06-23,574.72,Inactive,BRN000713
ACC000225,CUST000004,Savings,9614.02,2023-10-18,255.91,Closed,BRN000925
ACC000226,CUST000943,Checking,6517.41,2022-04-18,151.42,Active,BRN000369
ACC000227,CUST000519,Checking,635.75,2020-08-09,285.24,Closed,BRN000051
ACC000228,CUST000366,Business,6517.32,2021-10-03,650.1,Inactive,BRN000774
ACC000229,CUST000744,Business,3030.06,2023-03-26,354.29,Active,BRN000951
ACC000230,CUST000365,Business,2914.14,2022-07-10,435.91,Closed,BRN000267
ACC000231,CUST000390,Checking,9069.01,2022-02-02,361.76,Inactive,BRN000730
ACC000232,CUST000905,Business,8020.72,2022-09-20,950.58,Closed,BRN000549
ACC000233,CUST000975,Checking,6717.57,2020-06-27,166.09,Closed,BRN000422
ACC000234,CUST000798,Savings,7679.5,2022-06-30,914.26,Closed,BRN000226
ACC000235,CUST000306,Savings,666.2,2024-07-11,918.98,Closed,BRN000809
ACC000236,CUST000572,Savings,2290.89,2021-06-27,542.58,Closed,BRN000498
ACC000237,CUST000981,Business,3843.92,2023-12-04,663.21,Closed,BRN000386
ACC000238,CUST000572,Checking,9165.56,2023-01-16,127.26,Active,BRN000851
ACC000239,CUST000387,Business,6083.18,2022-05-10,337.73,Closed,BRN000858
ACC000240,CUST000761,Business,4792.56,2024-06-19,815.31,Active,BRN000344
ACC000241,CUST000983,Business,5165.92,2024-02-11,835.14,Active,BRN000959
ACC000242,CUST000799,Checking,7048.27,2020-02-09,548.53,Inactive,BRN000283
ACC000243,CUST000261,Savings,4376.07,2024-12-25,876.66,Closed,BRN000627
ACC000244,CUST000666,Checking,861.1,2020-11-17,982.35,Closed,BRN000865
ACC000245,CUST000909,Savings,694.76,2021-03-18,116.28,Closed,BRN000298
ACC000246,CUST000464,Checking,8961.2,2022-06-03,630.48,Inactive,BRN000504
ACC000247,CUST000991,Savings,9260.34,2021-05-08,468.03,Active,BRN000743
ACC000248,CUST000257,Savings,2733.57,2022-02-23,298.44,Active,BRN000555
ACC000249,CUST000040,Savings,1955.76,2020-09-14,423.15,Closed,BRN000699
ACC000250,CUST000780,Business,9539.7,2022-02-18,963.04,Closed,BRN000396
ACC000251,CUST000547,Checking,7484.88,2020-10-05,237.52,Closed,BRN000378
ACC000252,CUST000345,Savings,1274.84,2020-12-16,170.61,Closed,BRN000369
ACC000253,CUST000472,Savings,1975.4,2022-01-12,139.59,Closed,BRN000745
ACC000254,CUST000910,Savings,8930.3,2024-01-15,678.16,Closed,BRN000897
ACC000255,CUST000837,Checking,4737.23,2024-11-11,588.17,Inactive,BRN000443
ACC000256,CUST000307,Savings,8092.82,2024-04-07,908.94,Inactive,BRN000874
ACC000257,CUST000808,Business,7632.3,2022-01-02,534.12,Active,BRN000562
ACC000258,CUST000955,Savings,2711.16,2024-01-07,435.59,Inactive,BRN000129
ACC000259,CUST000142,Checking,3633.14,2021-02-20,632.19,Inactive,BRN000252
ACC000260,CUST000517,Business,8607.35,2024-10-11,876.53,Inactive,BRN000798
ACC000261,CUST000260,Savings,8096.35,2024-06-25,328.99,Inactive,BRN000335
ACC000262,CUST000560,Checking,2457.47,2020-08-21,252.5,Active,BRN000357
ACC000263,CUST000819,Checking,8302.63,2021-11-20,321.4,Active,BRN000287
ACC000264,CUST000571,Savings,2796.84,2024-08-07,593.88,Inactive,BRN000300
ACC000265,CUST000986,Checking,2544.39,2021-09-29,972.85,Closed,BRN000021
ACC000266,CUST000804,Checking,1963.27,2020-08-19,164.01,Active,BRN000864
ACC000267,CUST000353,Savings,3081.94,2024-12-30,903.33,Closed,BRN000436
ACC000268,CUST000123,Savings,9386.52,2025-02-25,845.31,Active,BRN000276
ACC000269,CUST000300,Savings,3838.29,2022-02-01,777.67,Closed,BRN000724
ACC000270,CUST000737,Savings,1061.16,2021-11-13,278.78,Closed,BRN000021
ACC000271,CUST000806,Checking,3570.6,2021-01-08,244.9,Inactive,BRN000714
ACC000272,CUST000015,Savings,1651.2,2022-11-28,333.6,Active,BRN000235
ACC000273,CUST000141,Business,7059.19,2021-09-22,330.0,Active,BRN000253
ACC000274,CUST000366,Business,8268.17,2023-05-29,689.32,Inactive,BRN000816
ACC000275,CUST000884,Savings,3793.22,2020-03-13,867.34,Active,BRN000184
ACC000276,CUST000523,Business,9780.1,2025-01-06,416.54,Inactive,BRN000483
ACC000277,CUST000628,Business,4093.77,2023-02-22,987.79,Closed,BRN000703
ACC000278,CUST000971,Business,7304.13,2024-09-07,892.04,Active,BRN000045
ACC000279,CUST000757,Checking,8088.74,2024-02-19,131.57,Inactive,BRN000344
ACC000280,CUST000585,Checking,3955.29,2020-06-02,323.01,Active,BRN000619
ACC000281,CUST000850,Savings,1030.0,2022-12-21,542.03,Inactive,BRN000083
ACC000282,CUST000031,Savings,8573.68,2024-11-18,608.41,Inactive,BRN000378
ACC000283,CUST000489,Checking,6609.43,2022-05-01,192.37,Active,BRN000544
ACC000284,CUST000043,Business,1364.06,2021-10-02,431.68,Inactive,BRN000566
ACC000285,CUST000743,Savings,3643.51,2020-10-02,187.59,Active,BRN000640
ACC000286,CUST000730,Checking,4297.46,2024-04-02,407.29,Inactive,BRN000006
ACC000287,CUST000517,Business,7391.65,2020-12-25,328.35,Inactive,BRN000173
ACC000288,CUST000427,Business,6218.28,2023-01-27,481.34,Closed,BRN000544
ACC000289,CUST000618,Savings,9416.83,2021-07-06,595.65,Active,BRN000720
ACC000290,CUST000845,Checking,2234.84,2021-10-26,560.73,Closed,BRN000881
ACC000291,CUST000286,Savings,5881.29,2022-01-04,156.92,Active,BRN000931
ACC000292,CUST000601,Checking,9294.6,2021-03-21,443.43,Inactive,BRN000243
ACC000293,CUST000665,Business,3960.38,2024-02-12,991.29,Active,BRN000729
ACC000294,CUST000456,Checking,642.09,2022-11-30,120.52,Closed,BRN000812
ACC000295,CUST000674,Checking,8196.56,2021-07-01,593.75,Closed,BRN000642
ACC000296,CUST000330,Savings,9634.47,2021-02-11,699.49,Inactive,BRN000195
ACC000297,CUST000390,Business,6385.61,2021-05-25,708.7,Active,BRN000610
ACC000298,CUST000774,Business,2487.16,2022-09-13,869.06,Closed,BRN000829
ACC000299,CUST000374,Business,3858.21,2024-10-06,594.74,Active,BRN000268
ACC000300,CUST000204,Checking,7725.0,2024-04-12,146.43,Closed,BRN000914
ACC000301,CUST000548,Savings,7422.46,2020-04-15,226.97,Active,BRN000353
ACC000302,CUST000553,Checking,975.02,2024-05-22,112.33,Active,BRN000179
ACC000303,CUST000987,Savings,466.3,2023-05-25,804.82,Closed,BRN000163
ACC000304,CUST000296,Business,850.11,2020-11-08,327.09,Active,BRN000716
ACC000305,CUST000730,Checking,3003.0,2022-03-13,279.76,Closed,BRN000283
ACC000306,CUST000119,Checking,5361.24,2020-03-17,609.88,Inactive,BRN000488
ACC000307,CUST000580,Business,7106.75,2025-01-05,208.72,Inactive,BRN000900
ACC000308,CUST000554,Savings,4006.63,2020-06-05,830.04,Active,BRN000014
ACC000309,CUST000088,Business,1661.2,2021-01-06,119.31,Inactive,BRN000601
ACC000310,CUST000560,Checking,8304.75,2022-12-09,631.79,Active,BRN000299
ACC000311,CUST000709,Business,4613.41,2024-11-21,663.3,Active,BRN000555
ACC000312,CUST000700,Business,3985.53,2020-04-24,349.48,Closed,BRN000703
ACC000313,CUST000699,Checking,534.97,2020-12-23,567.85,Inactive,BRN000663
ACC000314,CUST000139,Savings,4022.91,2022-07-12,522.99,Closed,BRN000232
ACC000315,CUST000542,Business,3946.64,2023-03-28,964.76,Active,BRN000476
ACC000316,CUST000799,Business,321.82,2020-10-26,902.71,Active,BRN000749
ACC000317,CUST000043,Savings,2890.62,2024-02-02,663.63,Active,BRN000882
ACC000318,CUST000579,Savings,4784.08,2020-03-31,646.98,Inactive,BRN000097
ACC000319,CUST000645,Checking,3108.29,2021-09-21,167.42,Active,BRN000265
ACC000320,CUST000123,Business,1015.67,2020-12-10,752.87,Inactive,BRN000566
ACC000321,CUST000593,Checking,6187.76,2021-05-04,707.52,Inactive,BRN000899
ACC000322,CUST000110,Savings,4617.81,2022-06-24,880.2,Inactive,BRN000551
ACC000323,CUST000332,Checking,9942.12,2020-01-03,164.13,Active,BRN000503
ACC000324,CUST000630,Savings,811.29,2024-05-26,756.82,Closed,BRN000487
ACC000325,CUST000976,Business,5995.12,2022-11-09,511.83,Closed,BRN000488
ACC000326,CUST000660,Business,9438.59,2020-12-06,433.55,Inactive,BRN000006
ACC000327,CUST000899,Business,5592.59,2021-10-01,258.85,Inactive,BRN000460
ACC000328,CUST000779,Savings,7549.59,2022-09-27,343.07,Closed,BRN000445
ACC000329,CUST000026,Checking,1169.75,2024-09-04,120.96,Inactive,BRN000888
ACC000330,CUST000074,Business,2452.59,2021-03-14,360.53,Active,BRN000737
ACC000331,CUST000459,Checking,3822.81,2020-03-25,623.69,Active,BRN000918
ACC000332,CUST000775,Savings,2820.62,2024-08-15,822.99,Active,BRN000671
ACC000333,CUST000401,Savings,7070.37,2024-07-14,868.74,Inactive,BRN000229
ACC000334,CUST000958,Business,1434.84,2024-06-12,936.65,Inactive,BRN000173
ACC000335,CUST000890,Checking,6344.33,2022-08-06,936.85,Active,BRN000337
ACC000336,CUST000785,Business,3649.61,2020-05-02,596.6,Active,BRN000138
ACC000337,CUST000063,Checking,8436.13,2021-08-08,276.45,Inactive,BRN000641
ACC000338,CUST000617,Savings,374.33,2024-08-26,487.29,Active,BRN000903
ACC000339,CUST000350,Checking,9233.62,2022-10-14,138.29,Active,BRN000030
ACC000340,CUST000512,Business,444.18,2021-07-08,281.45,Active,BRN000265
ACC000341,CUST000792,Business,8115.43,2023-08-30,110.93,Closed,BRN000680
ACC000342,CUST000891,Business,7824.14,2022-07-21,223.36,Active,BRN000689
ACC000343,CUST000357,Business,329.86,2022-03-12,340.12,Closed,BRN000122
ACC000344,CUST000916,Savings,4648.14,2021-09-15,243.01,Closed,BRN000354
ACC000345,CUST000030,Savings,6520.27,2023-05-01,678.93,Closed,BRN000275
ACC000346,CUST000571,Checking,5378.25,2024-03-22,742.44,Active,BRN000610
ACC000347,CUST000325,Savings,2775.73,2024-06-06,481.37,Closed,BRN000791
ACC000348,CUST000233,Business,5285.03,2020-11-22,579.18,Closed,BRN000662
ACC000349,CUST000583,Savings,8805.11,2022-08-13,773.84,Inactive,BRN000001
ACC000350,CUST000225,Savings,6776.47,2020-04-10,238.24,Closed,BRN000534
ACC000351,CUST000721,Savings,3376.93,2024-11-25,325.07,Inactive,BRN000061
ACC000352,CUST000424,Business,6251.06,2022-03-07,295.77,Active,BRN000632
ACC000353,CUST000304,Savings,3395.99,2024-08-08,763.4,Inactive,BRN000402
ACC000354,CUST000341,Savings,8429.89,2022-11-22,726.76,Active,BRN000973
ACC000355,CUST000340,Checking,9000.53,2020-06-23,717.66,Inactive,BRN000566
ACC000356,CUST000378,Checking,3682.12,2024-09-28,490.71,Closed,BRN000779
ACC000357,CUST000883,Savings,7027.25,2024-02-14,627.93,Closed,BRN000525
ACC000358,CUST000733,Savings,4657.3,2022-07-08,683.28,Active,BRN000407
ACC000359,CUST000999,Business,2647.17,2022-12-14,683.78,Closed,BRN000244
ACC000360,CUST000848,Checking,6080.8,2020-05-06,799.67,Active,BRN000308
ACC000361,CUST000779,Business,5283.69,2022-11-21,162.7,Inactive,BRN000400
ACC000362,CUST000996,Business,9176.7,2021-05-11,885.19,Active,BRN000432
ACC000363,CUST000398,Business,4384.85,2021-05-24,536.51,Closed,BRN000971
ACC000364,CUST000561,Business,3440.31,2022-05-14,107.77,Active,BRN000052
ACC000365,CUST000763,Checking,3103.54,2024-06-04,363.83,Closed,BRN000288
ACC000366,CUST000643,Savings,7341.73,2021-08-19,383.17,Inactive,BRN000506
ACC000367,CUST000281,Savings,6455.02,2024-07-11,545.87,Inactive,BRN000778
ACC000368,CUST000525,Business,1048.9,2024-06-01,187.92,Closed,BRN000581
ACC000369,CUST000107,Business,2636.86,2021-09-13,550.8,Closed,BRN000888
ACC000370,CUST000970,Savings,784.41,2021-04-06,397.2,Closed,BRN000739
ACC000371,CUST000885,Business,6597.75,2022-06-06,272.3,Closed,BRN000948
ACC000372,CUST000615,Savings,725.13,2023-06-06,521.67,Inactive,BRN000980
ACC000373,CUST000430,Checking,5558.09,2023-03-30,731.98,Closed,BRN000217
ACC000374,CUST000168,Savings,5058.82,2021-07-05,892.68,Inactive,BRN000537
ACC000375,CUST000624,Checking,1752.07,2025-02-04,157.39,Inactive,BRN000526
ACC000376,CUST000617,Checking,7726.96,2020-04-20,665.19,Active,BRN000881
ACC000377,CUST000920,Savings,7026.22,2020-10-27,330.43,Closed,BRN000043
ACC000378,CUST000966,Checking,2084.62,2022-10-29,311.25,Closed,BRN000119
ACC000379,CUST000268,Business,7011.85,2022-01-29,941.11,Closed,BRN000663
ACC000380,CUST000315,Savings,9450.86,2022-01-16,448.64,Closed,BRN000920
ACC000381,CUST000625,Business,1267.89,2024-01-04,863.25,Closed,BRN000674
ACC000382,CUST000074,Checking,2235.99,2021-08-01,637.09,Closed,BRN000690
ACC000383,CUST000545,Business,6642.72,2023-11-09,861.76,Closed,BRN000979
ACC000384,CUST000622,Business,6538.42,2023-06-06,186.83,Closed,BRN000936
ACC000385,CUST000407,Business,7845.5,2022-11-15,834.46,Active,BRN000749
ACC000386,CUST000678,Savings,4204.36,2021-01-07,495.89,Inactive,BRN001000
ACC000387,CUST000841,Checking,4724.17,2022-11-23,352.14,Closed,BRN000906
ACC000388,CUST000646,Business,4033.58,2024-01-03,805.58,Closed,BRN000414
ACC000389,CUST000748,Savings,853.54,2022-06-09,906.19,Active,BRN000996
ACC000390,CUST000844,Savings,9958.58,2023-08-25,372.16,Active,BRN000216
ACC000391,CUST000723,Checking,6591.76,2021-03-22,311.34,Closed,BRN000941
ACC000392,CUST000004,Business,2277.8,2022-01-18,822.82,Active,BRN000575
ACC000393,CUST000278,Checking,4452.54,2021-07-03,475.17,Active,BRN000735
ACC000394,CUST000100,Savings,9774.98,2020-02-29,995.39,Active,BRN000594
ACC000395,CUST000908,Savings,1085.54,2023-09-24,535.87,Inactive,BRN000209
ACC000396,CUST000624,Business,9528.84,2020-06-14,547.15,Inactive,BRN000689
ACC000397,CUST000497,Checking,4093.65,2024-10-12,143.77,Active,BRN000325
ACC000398,CUST000075,Savings,8890.37,2025-02-05,224.12,Active,BRN000493
ACC000399,CUST000336,Savings,2358.05,2020-05-22,888.96,Inactive,BRN000696
ACC000400,CUST000198,Business,8072.71,2021-11-22,449.48,Inactive,BRN000092
ACC000401,CUST000039,Business,3117.59,2023-05-26,683.51,Inactive,BRN000386
ACC000402,CUST000017,Business,465.12,2023-02-12,954.3,Active,BRN000002
ACC000403,CUST000699,Checking,3400.57,2022-02-03,800.41,Closed,BRN000189
ACC000404,CUST000959,Business,2655.09,2023-03-24,759.2,Active,BRN000991
ACC000405,CUST000250,Savings,2369.9,2021-04-02,160.06,Inactive,BRN000528
ACC000406,CUST000869,Business,6066.19,2021-04-01,324.29,Closed,BRN000012
ACC000407,CUST000417,Checking,251.63,2023-09-06,891.23,Active,BRN000188
ACC000408,CUST000558,Business,7484.65,2021-07-21,317.24,Inactive,BRN000444
ACC000409,CUST000137,Checking,8855.7,2023-11-23,912.67,Closed,BRN000660
ACC000410,CUST000428,Savings,8361.04,2025-02-18,280.03,Closed,BRN000980
ACC000411,CUST000120,Business,1268.69,2020-03-08,580.26,Inactive,BRN000915
ACC000412,CUST000770,Business,3840.65,2022-01-05,493.22,Inactive,BRN000777
ACC000413,CUST000242,Savings,1966.07,2022-08-01,287.73,Closed,BRN000267
ACC000414,CUST000176,Business,8873.77,2024-05-30,383.53,Inactive,BRN000326
ACC000415,CUST000738,Savings,8577.3,2024-10-01,159.83,Closed,BRN000043
ACC000416,CUST001000,Savings,7703.1,2020-06-24,661.77,Closed,BRN000440
ACC000417,CUST000556,Business,7137.68,2022-04-21,366.56,Inactive,BRN000596
ACC000418,CUST000742,Business,7287.66,2024-03-01,408.72,Closed,BRN000568
ACC000419,CUST000557,Savings,3409.08,2023-12-07,269.66,Inactive,BRN000985
ACC000420,CUST000520,Business,3284.88,2021-06-23,276.0,Inactive,BRN000631
ACC000421,CUST000063,Checking,9692.02,2020-11-21,616.52,Closed,BRN000404
ACC000422,CUST000012,Savings,2334.62,2023-07-01,357.92,Active,BRN000613
ACC000423,CUST000344,Business,876.26,2022-04-20,628.17,Active,BRN000172
ACC000424,CUST000842,Savings,9849.47,2021-07-19,932.3,Inactive,BRN000876
ACC000425,CUST000887,Business,1562.43,2024-12-11,532.55,Inactive,BRN000063
ACC000426,CUST000963,Checking,5330.77,2021-08-11,729.15,Active,BRN000809
ACC000427,CUST000669,Checking,9547.84,2021-08-26,956.51,Active,BRN000200
ACC000428,CUST000064,Savings,7425.12,2025-01-17,146.8,Inactive,BRN000510
ACC000429,CUST000410,Savings,8782.26,2024-11-27,194.06,Inactive,BRN000604
ACC000430,CUST000380,Business,6792.72,2022-01-07,562.04,Active,BRN000616
ACC000431,CUST000185,Business,3622.83,2024-03-31,260.29,Active,BRN000663
ACC000432,CUST000317,Checking,2271.06,2021-09-07,233.01,Closed,BRN000938
ACC000433,CUST000185,Savings,7734.01,2021-05-18,637.21,Closed,BRN000783
ACC000434,CUST000205,Checking,4841.59,2022-10-22,458.74,Inactive,BRN000372
ACC000435,CUST000337,Checking,4824.58,2021-11-26,968.99,Closed,BRN000815
ACC000436,CUST000142,Business,9468.59,2023-09-04,970.6,Closed,BRN000531
ACC000437,CUST000688,Business,5297.97,2020-11-13,103.36,Closed,BRN000486
ACC000438,CUST000782,Business,5625.11,2020-06-29,404.13,Inactive,BRN000687
ACC000439,CUST000225,Business,4232.02,2022-03-04,501.98,Active,BRN000243
ACC000440,CUST000101,Checking,1843.02,2023-08-19,952.96,Inactive,BRN000927
ACC000441,CUST000875,Checking,2958.54,2024-11-22,378.94,Closed,BRN000593
ACC000442,CUST000318,Checking,2127.57,2023-06-30,980.03,Closed,BRN000360
ACC000443,CUST000862,Business,9790.12,2022-11-19,348.1,Inactive,BRN000321
ACC000444,CUST000735,Savings,1965.03,2024-09-27,796.52,Closed,BRN000385
ACC000445,CUST000968,Business,9561.21,2022-12-20,605.03,Closed,BRN000631
ACC000446,CUST000077,Checking,3780.99,2022-10-18,636.14,Active,BRN000960
ACC000447,CUST000517,Checking,3178.81,2024-10-18,147.38,Closed,BRN000350
ACC000448,CUST000351,Checking,2322.0,2025-01-09,613.6,Closed,BRN000226
ACC000449,CUST000402,Savings,2433.09,2021-12-12,299.15,Active,BRN000045
ACC000450,CUST000670,Checking,2307.59,2020-09-25,961.18,Closed,BRN000386
ACC000451,CUST000926,Savings,6091.68,2022-03-15,578.14,Active,BRN000500
ACC000452,CUST000198,Business,1782.66,2023-10-04,252.55,Active,BRN000151
ACC000453,CUST000730,Savings,7719.66,2024-01-01,962.96,Inactive,BRN000589
ACC000454,CUST000973,Checking,4669.88,2020-07-11,242.1,Inactive,BRN000998
ACC000455,CUST000671,Business,9800.29,2021-03-03,548.53,Active,BRN000637
ACC000456,CUST000473,Checking,4573.87,2022-03-18,316.97,Active,BRN000320
ACC000457,CUST000361,Business,1661.42,2024-11-16,735.01,Active,BRN000417
ACC000458,CUST000222,Business,6883.49,2022-03-28,564.19,Active,BRN000965
ACC000459,CUST000512,Checking,3661.95,2021-11-15,736.03,Inactive,BRN000055
ACC000460,CUST000273,Checking,271.71,2022-12-01,729.0,Inactive,BRN000925
ACC000461,CUST000294,Checking,610.64,2023-06-04,921.3,Inactive,BRN000115
ACC000462,CUST000052,Savings,9486.3,2020-01-25,819.37,Closed,BRN000565
ACC000463,CUST000480,Checking,6831.02,2021-04-19,410.69,Active,BRN000196
ACC000464,CUST000823,Savings,8425.72,2021-04-17,996.04,Active,BRN000896
ACC000465,CUST000215,Savings,2586.49,2025-02-04,152.07,Closed,BRN000637
ACC000466,CUST000512,Business,7129.05,2020-02-23,606.78,Active,BRN000513
ACC000467,CUST000295,Savings,1184.54,2023-10-02,792.99,Active,BRN000208
ACC000468,CUST000486,Checking,8734.85,2021-08-10,820.9,Inactive,BRN000355
ACC000469,CUST000839,Savings,1248.26,2021-08-24,980.57,Active,BRN000762
ACC000470,CUST000688,Business,6517.77,2023-11-17,412.94,Inactive,BRN000182
ACC000471,CUST000349,Business,7357.9,2024-04-11,271.16,Inactive,BRN000986
ACC000472,CUST000737,Checking,5739.06,2024-10-27,837.64,Closed,BRN000118
ACC000473,CUST000110,Business,9777.59,2021-10-14,284.59,Inactive,BRN000542
ACC000474,CUST001000,Checking,2734.15,2022-10-08,507.78,Active,BRN000835
ACC000475,CUST000193,Savings,7429.46,2021-01-24,612.5,Closed,BRN000227
ACC000476,CUST000328,Business,5871.0,2024-06-16,565.96,Inactive,BRN000853
ACC000477,CUST000997,Checking,8760.85,2021-07-25,492.91,Closed,BRN000786
ACC000478,CUST000009,Checking,7088.62,2024-10-11,594.86,Inactive,BRN000427
ACC000479,CUST000227,Checking,842.74,2020-05-11,442.79,Closed,BRN000516
ACC000480,CUST000504,Checking,2734.81,2023-11-16,561.65,Inactive,BRN000774
ACC000481,CUST000276,Checking,9279.72,2022-10-06,291.45,Active,BRN000199
ACC000482,CUST000862,Checking,571.9,2020-03-29,256.06,Closed,BRN000579
ACC000483,CUST000161,Savings,2237.93,2023-07-24,525.05,Inactive,BRN000700
ACC000484,CUST000058,Savings,6455.53,2023-04-15,616.33,Inactive,BRN000164
ACC000485,CUST000550,Savings,436.2,2024-02-02,523.44,Inactive,BRN000574
ACC000486,CUST000522,Business,5902.36,2024-06-09,509.35,Inactive,BRN000986
ACC000487,CUST000200,Savings,5737.19,2024-07-03,200.59,Closed,BRN000379
ACC000488,CUST000018,Savings,7176.98,2023-10-20,149.87,Active,BRN000110
ACC000489,CUST000326,Checking,6769.39,2024-11-17,638.76,Closed,BRN000205
ACC000490,CUST000605,Business,821.73,2022-01-03,281.37,Inactive,BRN000591
ACC000491,CUST000743,Checking,2225.08,2021-11-17,938.19,Active,BRN000822
ACC000492,CUST000197,Business,2967.32,2022-10-06,212.48,Inactive,BRN000290
ACC000493,CUST000850,Checking,3789.5,2021-05-10,188.47,Closed,BRN000365
ACC000494,CUST000441,Savings,5758.01,2025-01-17,147.28,Closed,BRN000853
ACC000495,CUST000764,Business,6045.84,2023-11-23,561.24,Active,BRN000592
ACC000496,CUST000923,Business,5355.65,2021-10-14,310.29,Closed,BRN000521
ACC000497,CUST000072,Checking,6452.59,2023-06-19,459.41,Inactive,BRN000241
ACC000498,CUST000572,Savings,3252.11,2025-02-21,680.16,Closed,BRN000844
ACC000499,CUST000678,Business,9708.17,2021-01-04,605.01,Active,BRN000043
ACC000500,CUST000451,Savings,5388.29,2020-02-10,767.1,Active,BRN000134
ACC000501,CUST000811,Checking,2402.41,2021-08-20,115.36,Active,BRN000260
ACC000502,CUST000934,Checking,9854.59,2024-03-18,130.35,Active,BRN000480
ACC000503,CUST000132,Business,2547.45,2020-07-11,610.95,Active,BRN000007
ACC000504,CUST000320,Business,9428.14,2020-11-20,989.89,Inactive,BRN000531
ACC000505,CUST000925,Savings,4289.68,2023-09-05,946.36,Closed,BRN000016
ACC000506,CUST000218,Business,3383.02,2023-03-06,917.15,Closed,BRN000661
ACC000507,CUST000393,Checking,3841.46,2025-01-27,295.48,Closed,BRN000452
ACC000508,CUST000248,Business,9104.85,2023-03-22,426.08,Inactive,BRN000903
ACC000509,CUST000341,Checking,3943.28,2020-05-04,295.2,Closed,BRN000487
ACC000510,CUST000699,Checking,1580.4,2022-01-19,970.71,Closed,BRN000827
ACC000511,CUST000072,Checking,1224.64,2023-08-21,410.0,Closed,BRN000530
ACC000512,CUST000365,Checking,8852.26,2020-04-23,811.0,Inactive,BRN000521
ACC000513,CUST000828,Checking,8181.7,2024-10-24,377.26,Active,BRN000900
ACC000514,CUST000395,Business,8767.08,2021-01-22,463.24,Active,BRN000233
ACC000515,CUST000317,Business,2721.68,2021-08-31,198.04,Closed,BRN000105
ACC000516,CUST000016,Checking,1272.48,2022-07-12,241.4,Closed,BRN000273
ACC000517,CUST000381,Checking,591.14,2022-08-22,270.47,Active,BRN000213
ACC000518,CUST000668,Business,5703.25,2024-03-26,400.9,Active,BRN000432
ACC000519,CUST000759,Checking,9074.55,2021-01-24,152.72,Active,BRN000256
ACC000520,CUST000137,Business,165.75,2021-02-02,541.58,Inactive,BRN000318
ACC000521,CUST000954,Checking,7773.64,2021-04-10,769.06,Closed,BRN000323
ACC000522,CUST000157,Savings,599.67,2022-11-18,562.83,Inactive,BRN000339
ACC000523,CUST000070,Savings,9691.82,2022-10-25,451.09,Active,BRN000694
ACC000524,CUST000692,Checking,2086.5,2024-10-08,976.76,Active,BRN000308
ACC000525,CUST000646,Savings,761.84,2021-12-19,122.38,Inactive,BRN000699
ACC000526,CUST000014,Checking,1883.69,2024-12-26,373.31,Active,BRN000821
ACC000527,CUST000039,Business,8499.23,2020-04-13,131.55,Closed,BRN000187
ACC000528,CUST000978,Business,9332.24,2022-08-17,123.05,Closed,BRN000739
ACC000529,CUST000015,Savings,7616.87,2024-12-12,295.8,Active,BRN000810
ACC000530,CUST000387,Business,8776.3,2020-11-05,214.71,Closed,BRN000450
ACC000531,CUST000946,Savings,3305.71,2020-05-24,955.33,Closed,BRN000432
ACC000532,CUST000032,Savings,3234.95,2023-01-12,277.13,Closed,BRN000742
ACC000533,CUST000038,Checking,6452.55,2024-12-17,159.45,Closed,BRN000507
ACC000534,CUST000319,Business,8310.31,2023-07-11,302.53,Active,BRN000998
ACC000535,CUST000888,Business,8801.58,2022-07-04,745.56,Active,BRN000444
ACC000536,CUST000662,Checking,3410.62,2020-12-22,765.8,Active,BRN000130
ACC000537,CUST000567,Checking,3948.86,2021-04-30,621.64,Closed,BRN000650
ACC000538,CUST000204,Business,1548.57,2021-10-07,850.54,Inactive,BRN000549
ACC000539,CUST000381,Business,3625.58,2024-07-05,118.26,Inactive,BRN000679
ACC000540,CUST000502,Savings,6249.81,2020-02-11,255.06,Closed,BRN000097
ACC000541,CUST000790,Business,8457.6,2022-10-07,514.15,Active,BRN000077
ACC000542,CUST000192,Checking,8078.33,2022-04-05,858.34,Closed,BRN000131
ACC000543,CUST000021,Savings,1298.67,2022-07-27,685.73,Active,BRN000965
ACC000544,CUST000314,Business,2813.14,2021-07-22,621.92,Inactive,BRN000379
ACC000545,CUST000922,Business,9791.81,2023-04-28,253.45,Closed,BRN000180
ACC000546,CUST000096,Savings,8532.51,2024-07-17,952.54,Active,BRN000248
ACC000547,CUST000614,Checking,4041.59,2023-12-27,466.96,Active,BRN000553
ACC000548,CUST000429,Checking,7218.69,2021-05-16,669.57,Active,BRN000073
ACC000549,CUST000638,Savings,814.8,2020-04-22,293.32,Active,BRN000730
ACC000550,CUST000365,Savings,6600.42,2021-04-20,648.51,Closed,BRN000032
ACC000551,CUST000261,Savings,2262.16,2023-11-10,219.71,Inactive,BRN000668
ACC000552,CUST000498,Savings,7616.86,2021-09-18,700.75,Inactive,BRN000641
ACC000553,CUST000918,Business,5324.21,2022-06-14,438.9,Active,BRN000967
ACC000554,CUST000766,Savings,4270.93,2022-05-07,246.41,Active,BRN000758
ACC000555,CUST000392,Checking,8802.08,2024-06-28,924.6,Inactive,BRN000989
ACC000556,CUST000213,Business,9466.6,2022-03-11,224.05,Active,BRN000881
ACC000557,CUST000700,Savings,6125.81,2022-10-27,307.38,Closed,BRN000677
ACC000558,CUST000937,Checking,6963.29,2021-05-27,537.73,Closed,BRN000459
ACC000559,CUST000150,Business,3316.02,2024-04-16,610.99,Inactive,BRN000394
ACC000560,CUST000163,Business,1581.42,2020-03-01,758.84,Inactive,BRN000630
ACC000561,CUST000677,Checking,2760.81,2021-04-22,610.25,Active,BRN000907
ACC000562,CUST000642,Checking,870.4,2024-06-09,252.49,Active,BRN000061
ACC000563,CUST000434,Checking,439.89,2020-02-10,746.49,Inactive,BRN000134
ACC000564,CUST000585,Savings,3243.59,2021-12-05,397.28,Inactive,BRN000400
ACC000565,CUST000385,Business,3609.16,2024-10-25,179.54,Active,BRN000717
ACC000566,CUST000896,Business,118.73,2022-12-28,142.13,Closed,BRN000507
ACC000567,CUST000361,Checking,1574.11,2022-10-29,194.97,Closed,BRN000138
ACC000568,CUST000436,Business,4172.26,2024-12-27,810.97,Inactive,BRN000697
ACC000569,CUST000029,Checking,9026.25,2022-12-05,227.58,Closed,BRN000946
ACC000570,CUST000804,Business,8725.34,2023-03-07,949.91,Inactive,BRN000875
ACC000571,CUST000715,Checking,8508.58,2020-03-16,771.97,Active,BRN000245
ACC000572,CUST000958,Savings,1789.19,2023-02-05,592.83,Inactive,BRN000586
ACC000573,CUST000365,Savings,8311.44,2020-05-22,880.42,Active,BRN000014
ACC000574,CUST000265,Checking,5697.17,2024-11-28,692.32,Closed,BRN000765
ACC000575,CUST000402,Checking,7817.04,2021-06-22,273.46,Inactive,BRN000851
ACC000576,CUST000763,Savings,120.93,2021-12-03,824.47,Inactive,BRN000566
ACC000577,CUST000325,Savings,3347.13,2024-06-25,225.1,Inactive,BRN000028
ACC000578,CUST000703,Business,1131.92,2020-06-04,445.2,Closed,BRN000402
ACC000579,CUST000464,Savings,6802.44,2022-11-29,761.95,Active,BRN000614
ACC000580,CUST000315,Business,5717.91,2022-06-13,663.38,Active,BRN000301
ACC000581,CUST000737,Business,4315.55,2022-03-11,185.62,Closed,BRN000946
ACC000582,CUST000087,Savings,984.69,2020-04-22,434.05,Closed,BRN000094
ACC000583,CUST000969,Business,718.16,2024-01-21,555.49,Active,BRN000268
ACC000584,CUST000862,Checking,2118.89,2023-05-26,436.17,Active,BRN000617
ACC000585,CUST000089,Savings,9981.4,2023-07-01,459.38,Inactive,BRN000241
ACC000586,CUST000950,Business,4077.29,2022-04-13,255.8,Closed,BRN000459
ACC000587,CUST000340,Savings,5005.3,2022-03-29,144.58,Active,BRN000410
ACC000588,CUST000625,Savings,1946.46,2020-03-26,156.77,Inactive,BRN000274
ACC000589,CUST000134,Business,229.83,2022-09-22,149.58,Inactive,BRN000910
ACC000590,CUST000393,Savings,3263.3,2020-11-22,303.52,Inactive,BRN000902
ACC000591,CUST000185,Checking,8525.07,2024-11-05,963.54,Closed,BRN000954
ACC000592,CUST000543,Checking,599.76,2022-08-15,356.89,Active,BRN000488
ACC000593,CUST000510,Checking,4652.65,2024-03-19,231.12,Closed,BRN000588
ACC000594,CUST000472,Savings,9729.53,2022-05-02,656.96,Inactive,BRN000181
ACC000595,CUST000396,Savings,2847.25,2023-04-29,218.17,Closed,BRN000822
ACC000596,CUST000498,Checking,7083.89,2020-10-07,549.03,Inactive,BRN000280
ACC000597,CUST000250,Savings,3564.44,2020-04-04,483.74,Active,BRN000721
ACC000598,CUST000887,Checking,5130.5,2024-06-01,327.07,Inactive,BRN000791
ACC000599,CUST000637,Savings,533.54,2022-10-25,643.95,Closed,BRN000801
ACC000600,CUST000446,Checking,3954.2,2024-05-22,347.01,Inactive,BRN000300
ACC000601,CUST000921,Business,6049.54,2024-11-11,290.96,Active,BRN000704
ACC000602,CUST000154,Checking,6565.09,2020-12-11,900.81,Closed,BRN000008
ACC000603,CUST000817,Savings,565.94,2020-09-23,170.92,Inactive,BRN000662
ACC000604,CUST000328,Business,5345.61,2021-03-06,215.11,Closed,BRN000438
ACC000605,CUST000868,Checking,9240.71,2023-03-12,548.64,Inactive,BRN000928
ACC000606,CUST000676,Checking,5904.6,2024-07-06,791.81,Closed,BRN000666
ACC000607,CUST000395,Savings,1883.77,2020-03-16,868.22,Active,BRN000200
ACC000608,CUST000201,Checking,7628.41,2022-11-07,713.53,Active,BRN000480
ACC000609,CUST000779,Checking,9998.78,2024-10-24,495.06,Active,BRN000524
ACC000610,CUST000081,Checking,6800.32,2025-01-25,246.63,Closed,BRN000934
ACC000611,CUST000503,Business,4431.14,2023-09-29,648.48,Inactive,BRN000604
ACC000612,CUST000907,Checking,3229.28,2023-02-16,238.47,Closed,BRN000023
ACC000613,CUST000909,Checking,4795.87,2020-05-19,594.92,Inactive,BRN000250
ACC000614,CUST000280,Savings,5646.82,2024-08-20,302.77,Inactive,BRN000843
ACC000615,CUST000808,Savings,641.49,2020-09-18,627.03,Closed,BRN000340
ACC000616,CUST000319,Business,7682.09,2021-12-13,112.26,Active,BRN000929
ACC000617,CUST000824,Checking,9992.99,2023-10-07,732.31,Closed,BRN000517
ACC000618,CUST000599,Business,9264.97,2021-01-18,278.3,Inactive,BRN000598
ACC000619,CUST000674,Checking,5883.42,2020-02-10,665.2,Active,BRN000691
ACC000620,CUST000132,Checking,6522.95,2020-08-25,423.83,Inactive,BRN000019
ACC000621,CUST000685,Savings,1131.26,2022-03-03,688.2,Active,BRN000706
ACC000622,CUST000969,Savings,6935.84,2024-12-29,631.55,Inactive,BRN000682
ACC000623,CUST000750,Business,6342.01,2020-07-22,384.35,Inactive,BRN000580
ACC000624,CUST000524,Savings,100.19,2020-08-26,845.07,Closed,BRN000662
ACC000625,CUST000334,Checking,173.15,2021-08-24,251.75,Inactive,BRN000940
ACC000626,CUST000573,Savings,445.37,2022-09-15,892.56,Inactive,BRN000908
ACC000627,CUST000082,Savings,2953.75,2024-10-18,561.09,Closed,BRN000728
ACC000628,CUST000578,Savings,4056.32,2021-05-27,252.02,Inactive,BRN000685
ACC000629,CUST000385,Business,4925.55,2020-11-30,262.41,Active,BRN000202
ACC000630,CUST000306,Savings,852.24,2022-02-19,303.36,Active,BRN000788
ACC000631,CUST000685,Savings,4009.12,2022-08-04,334.03,Active,BRN000506
ACC000632,CUST000358,Savings,3311.84,2025-01-21,636.36,Active,BRN000215
ACC000633,CUST000890,Business,875.31,2023-03-04,632.2,Closed,BRN000994
ACC000634,CUST000400,Checking,9762.65,2024-04-04,759.46,Inactive,BRN000175
ACC000635,CUST000317,Business,7775.6,2022-04-01,348.44,Active,BRN000519
ACC000636,CUST000132,Checking,1102.09,2023-04-03,436.56,Closed,BRN000114
ACC000637,CUST000505,Checking,7700.32,2023-03-08,836.32,Inactive,BRN000086
ACC000638,CUST000677,Business,5456.49,2020-04-14,771.54,Inactive,BRN000115
ACC000639,CUST000317,Checking,4160.37,2020-03-03,270.91,Active,BRN000687
ACC000640,CUST000748,Checking,7032.22,2020-11-01,491.42,Active,BRN000225
ACC000641,CUST000572,Savings,1190.23,2024-10-06,854.62,Inactive,BRN000048
ACC000642,CUST000340,Checking,7088.86,2020-09-18,176.25,Closed,BRN000319
ACC000643,CUST000549,Savings,5298.64,2023-06-27,491.05,Closed,BRN000845
ACC000644,CUST000687,Business,4915.49,2023-05-26,479.51,Active,BRN000881
ACC000645,CUST000107,Savings,8639.82,2021-06-17,106.2,Active,BRN000516
ACC000646,CUST000459,Business,3094.37,2020-08-07,459.82,Inactive,BRN000696
ACC000647,CUST000889,Business,5690.13,2021-12-26,843.23,Active,BRN000560
ACC000648,CUST000093,Business,9203.89,2021-04-15,256.26,Inactive,BRN000488
ACC000649,CUST000076,Business,6193.21,2023-11-16,368.42,Closed,BRN000303
ACC000650,CUST000988,Business,2921.79,2024-04-08,546.25,Active,BRN000888
ACC000651,CUST000893,Savings,4979.68,2023-01-13,365.89,Closed,BRN000705
ACC000652,CUST000400,Business,9426.43,2025-02-21,407.75,Active,BRN000972
ACC000653,CUST000218,Business,3043.22,2021-03-14,598.25,Closed,BRN000728
ACC000654,CUST000897,Savings,5732.18,2023-09-28,511.82,Active,BRN000407
ACC000655,CUST000756,Savings,6819.48,2023-01-21,554.51,Active,BRN000416
ACC000656,CUST000358,Business,4328.2,2020-04-19,551.69,Active,BRN000693
ACC000657,CUST000133,Savings,9994.39,2022-06-24,184.47,Closed,BRN000448
ACC000658,CUST000207,Savings,8194.39,2023-05-04,981.92,Inactive,BRN000926
ACC000659,CUST000995,Savings,7806.63,2024-04-28,577.4,Inactive,BRN000540
ACC000660,CUST000708,Business,1329.32,2022-02-11,634.11,Inactive,BRN000272
ACC000661,CUST000457,Business,4816.66,2022-11-20,300.59,Inactive,BRN000661
ACC000662,CUST000632,Savings,9299.42,2023-11-13,883.08,Active,BRN000868
ACC000663,CUST000196,Business,6419.15,2023-03-30,446.68,Closed,BRN000070
ACC000664,CUST000073,Checking,1871.41,2021-05-12,958.01,Inactive,BRN000188
ACC000665,CUST000440,Checking,8910.68,2024-10-30,552.22,Inactive,BRN000658
ACC000666,CUST000256,Checking,8674.82,2020-07-12,408.23,Closed,BRN000838
ACC000667,CUST000416,Savings,9922.8,2021-02-19,917.65,Active,BRN000023
ACC000668,CUST000543,Savings,5036.51,2023-10-21,390.83,Inactive,BRN000384
ACC000669,CUST000980,Savings,8012.26,2023-10-20,963.64,Inactive,BRN000660
ACC000670,CUST000911,Checking,9078.05,2023-03-25,163.18,Active,BRN000423
ACC000671,CUST000525,Business,2505.26,2022-06-24,554.94,Inactive,BRN000257
ACC000672,CUST000265,Checking,1499.28,2023-09-13,487.87,Active,BRN000173
ACC000673,CUST000204,Business,4604.55,2020-03-17,250.51,Closed,BRN000951
ACC000674,CUST000021,Business,4051.02,2023-10-11,252.47,Inactive,BRN000460
ACC000675,CUST000381,Checking,1173.95,2024-01-06,121.67,Inactive,BRN000382
ACC000676,CUST000561,Checking,2292.48,2024-11-26,588.7,Inactive,BRN000122
ACC000677,CUST000602,Business,4520.82,2023-02-20,638.59,Inactive,BRN000370
ACC000678,CUST000818,Checking,374.02,2024-09-11,937.13,Active,BRN000432
ACC000679,CUST000814,Business,7157.2,2020-01-20,121.73,Inactive,BRN000860
ACC000680,CUST000774,Savings,6500.71,2024-08-19,642.67,Inactive,BRN000017
ACC000681,CUST000976,Checking,5296.79,2022-12-23,174.13,Inactive,BRN000172
ACC000682,CUST000561,Savings,4838.95,2023-09-30,324.7,Active,BRN000983
ACC000683,CUST000022,Savings,2119.38,2023-07-15,109.72,Active,BRN000945
ACC000684,CUST000313,Business,3125.05,2022-03-06,610.29,Active,BRN000298
ACC000685,CUST000858,Savings,3621.65,2020-06-27,874.25,Inactive,BRN000598
ACC000686,CUST000975,Savings,1363.2,2020-10-08,459.8,Closed,BRN000926
ACC000687,CUST000791,Savings,5251.15,2024-07-22,436.55,Inactive,BRN000446
ACC000688,CUST000339,Checking,5982.72,2023-05-22,219.52,Closed,BRN000266
ACC000689,CUST000391,Checking,3309.56,2022-09-05,698.0,Closed,BRN000864
ACC000690,CUST000791,Savings,754.25,2022-02-23,531.64,Closed,BRN000506
ACC000691,CUST000588,Business,3154.24,2023-04-20,159.22,Closed,BRN000639
ACC000692,CUST000219,Savings,1572.5,2020-11-13,538.17,Active,BRN000398
ACC000693,CUST000452,Checking,2601.0,2024-02-11,303.75,Inactive,BRN000838
ACC000694,CUST000466,Checking,3644.91,2024-10-20,292.19,Closed,BRN000764
ACC000695,CUST000505,Savings,4972.0,2021-07-06,615.77,Inactive,BRN000276
ACC000696,CUST000997,Business,5598.14,2022-01-01,938.32,Inactive,BRN000794
ACC000697,CUST000390,Savings,7265.05,2024-05-29,900.8,Closed,BRN000694
ACC000698,CUST000595,Business,5595.42,2020-01-23,875.67,Active,BRN000314
ACC000699,CUST000308,Savings,616.91,2023-11-10,131.22,Closed,BRN000248
ACC000700,CUST000662,Savings,5772.58,2024-08-19,199.89,Active,BRN000752
ACC000701,CUST000699,Savings,4178.34,2023-01-27,110.56,Closed,BRN000606
ACC000702,CUST000972,Business,163.51,2022-10-10,104.72,Inactive,BRN000177
ACC000703,CUST000645,Business,5290.41,2021-01-29,896.08,Closed,BRN000915
ACC000704,CUST000905,Checking,8194.22,2021-01-27,883.06,Inactive,BRN000961
ACC000705,CUST000677,Business,7109.01,2020-07-13,158.96,Inactive,BRN000594
ACC000706,CUST000767,Savings,9028.21,2020-03-27,981.26,Closed,BRN000981
ACC000707,CUST000825,Savings,3197.73,2024-07-11,124.26,Active,BRN000408
ACC000708,CUST000803,Business,5961.2,2021-04-23,395.55,Inactive,BRN000041
ACC000709,CUST000651,Savings,1732.47,2023-02-01,785.63,Closed,BRN000614
ACC000710,CUST000952,Savings,6818.77,2021-04-12,660.08,Inactive,BRN000669
ACC000711,CUST000837,Business,3916.06,2021-05-16,346.6,Closed,BRN000716
ACC000712,CUST000202,Business,5382.75,2020-05-16,353.78,Closed,BRN000167
ACC000713,CUST000402,Checking,1061.37,2023-09-05,740.69,Closed,BRN000756
ACC000714,CUST000955,Business,2351.14,2023-04-18,825.21,Inactive,BRN000486
ACC000715,CUST000512,Checking,2144.88,2022-09-14,320.29,Inactive,BRN000769
ACC000716,CUST000148,Savings,3792.82,2023-12-16,268.22,Closed,BRN000299
ACC000717,CUST000042,Business,4573.25,2023-03-21,149.72,Active,BRN000626
ACC000718,CUST000821,Savings,2322.31,2020-03-16,224.61,Closed,BRN000521
ACC000719,CUST000013,Savings,3166.43,2021-05-21,369.85,Active,BRN000061
ACC000720,CUST000259,Savings,900.06,2021-07-29,493.42,Active,BRN000171
ACC000721,CUST000424,Business,5465.09,2022-03-28,811.99,Active,BRN000935
ACC000722,CUST000602,Checking,1222.06,2022-05-07,112.86,Inactive,BRN000035
ACC000723,CUST000452,Checking,8461.54,2020-07-29,813.61,Closed,BRN000915
ACC000724,CUST000939,Checking,4444.91,2023-12-22,995.88,Inactive,BRN000559
ACC000725,CUST000417,Savings,7285.13,2020-08-25,386.85,Closed,BRN000624
ACC000726,CUST000455,Business,7095.77,2024-05-09,503.83,Active,BRN000015
ACC000727,CUST000686,Business,7097.99,2021-01-20,114.6,Active,BRN000789
ACC000728,CUST000221,Checking,9517.63,2024-11-29,260.55,Closed,BRN000688
ACC000729,CUST000579,Checking,2291.84,2020-09-20,550.91,Active,BRN000837
ACC000730,CUST000992,Savings,7760.21,2021-03-08,793.38,Active,BRN000837
ACC000731,CUST000372,Savings,7830.48,2022-02-12,637.75,Inactive,BRN000932
ACC000732,CUST000930,Checking,4201.52,2022-11-12,505.42,Inactive,BRN000869
ACC000733,CUST000190,Checking,5940.43,2021-07-30,945.87,Inactive,BRN000592
ACC000734,CUST000020,Business,329.44,2020-08-08,488.05,Active,BRN000174
ACC000735,CUST000504,Checking,884.12,2023-04-23,760.32,Inactive,BRN000865
ACC000736,CUST000530,Business,7232.46,2022-12-22,844.68,Closed,BRN000825
ACC000737,CUST000508,Business,8810.9,2023-05-23,599.53,Inactive,BRN000894
ACC000738,CUST000190,Business,9167.29,2024-11-03,394.7,Closed,BRN000071
ACC000739,CUST000344,Savings,4374.15,2023-07-29,374.55,Closed,BRN000553
ACC000740,CUST000615,Savings,5770.4,2022-03-31,955.83,Active,BRN000942
ACC000741,CUST000356,Savings,5634.36,2024-04-23,477.64,Closed,BRN000605
ACC000742,CUST000158,Checking,8127.16,2021-10-21,112.53,Inactive,BRN000230
ACC000743,CUST000166,Savings,3927.42,2020-08-05,117.06,Closed,BRN000963
ACC000744,CUST000186,Savings,5667.24,2021-03-29,122.19,Closed,BRN000285
ACC000745,CUST000630,Checking,3904.48,2023-04-06,265.12,Closed,BRN000856
ACC000746,CUST000556,Checking,7495.96,2022-07-17,434.3,Closed,BRN000315
ACC000747,CUST000542,Business,5603.48,2023-08-12,454.39,Closed,BRN000737
ACC000748,CUST000469,Checking,6617.69,2021-10-03,461.96,Inactive,BRN000649
ACC000749,CUST000149,Business,1518.83,2024-09-05,366.47,Active,BRN000167
ACC000750,CUST000310,Business,6144.02,2021-01-19,550.09,Closed,BRN000629
ACC000751,CUST000190,Checking,1249.67,2024-06-01,516.72,Closed,BRN000610
ACC000752,CUST000426,Savings,2655.3,2022-04-09,839.89,Active,BRN000340
ACC000753,CUST000855,Savings,2002.93,2023-07-19,630.23,Active,BRN000235
ACC000754,CUST000496,Checking,448.56,2021-01-28,686.98,Inactive,BRN000285
ACC000755,CUST000335,Business,2389.42,2020-07-30,790.42,Active,BRN000114
ACC000756,CUST000216,Business,2782.31,2020-10-06,775.36,Active,BRN000916
ACC000757,CUST000140,Business,9250.92,2021-03-27,368.08,Closed,BRN000612
ACC000758,CUST000851,Checking,990.01,2023-12-01,621.43,Inactive,BRN000479
ACC000759,CUST000848,Business,6636.38,2020-01-31,201.73,Inactive,BRN000201
ACC000760,CUST000081,Checking,4268.73,2023-09-08,719.56,Active,BRN000653
ACC000761,CUST000827,Business,6873.18,2022-01-16,611.32,Active,BRN000836
ACC000762,CUST000850,Checking,1147.38,2022-11-20,315.14,Active,BRN000522
ACC000763,CUST000535,Checking,5773.67,2021-10-27,131.89,Closed,BRN000831
ACC000764,CUST000766,Savings,5948.33,2020-08-11,995.84,Active,BRN000969
ACC000765,CUST000785,Business,6213.05,2023-09-15,322.3,Closed,BRN000870
ACC000766,CUST000457,Checking,8034.22,2021-05-21,848.95,Active,BRN000156
ACC000767,CUST000239,Business,2849.82,2022-11-05,270.5,Inactive,BRN000473
ACC000768,CUST000312,Business,7088.41,2021-03-19,980.99,Closed,BRN000866
ACC000769,CUST000229,Business,669.16,2023-04-05,791.13,Closed,BRN000833
ACC000770,CUST000654,Checking,2457.65,2024-04-21,776.93,Inactive,BRN000198
ACC000771,CUST000886,Checking,9749.91,2023-02-21,634.98,Active,BRN000118
ACC000772,CUST000181,Business,287.57,2023-06-01,557.34,Closed,BRN000263
ACC000773,CUST000149,Business,5062.53,2022-05-05,737.66,Closed,BRN000522
ACC000774,CUST000438,Savings,3144.5,2024-08-19,662.79,Inactive,BRN000196
ACC000775,CUST000816,Savings,6318.29,2020-02-23,524.25,Active,BRN000220
ACC000776,CUST000344,Savings,4873.21,2023-04-19,126.93,Inactive,BRN000222
ACC000777,CUST000530,Checking,354.5,2020-11-01,561.46,Inactive,BRN000126
ACC000778,CUST000714,Savings,9176.12,2020-07-17,450.29,Active,BRN000870
ACC000779,CUST000106,Checking,9596.07,2022-12-02,428.2,Inactive,BRN000431
ACC000780,CUST000914,Checking,4407.51,2022-08-13,649.21,Active,BRN000708
ACC000781,CUST000718,Savings,4392.81,2023-08-21,122.02,Inactive,BRN000343
ACC000782,CUST000498,Savings,1245.33,2020-01-10,487.38,Inactive,BRN000228
ACC000783,CUST000715,Business,8001.85,2021-03-31,248.36,Inactive,BRN000848
ACC000784,CUST000664,Savings,3872.15,2022-11-28,968.2,Active,BRN000576
ACC000785,CUST000387,Savings,4013.57,2023-07-26,370.75,Inactive,BRN000078
ACC000786,CUST000750,Business,9730.43,2023-05-28,149.21,Closed,BRN000882
ACC000787,CUST000033,Savings,1886.0,2021-11-22,676.25,Inactive,BRN000581
ACC000788,CUST000721,Savings,6782.39,2023-07-24,659.18,Active,BRN000771
ACC000789,CUST000078,Business,335.75,2020-04-04,133.37,Closed,BRN000613
ACC000790,CUST000716,Checking,8440.45,2022-08-09,761.07,Inactive,BRN000508
ACC000791,CUST000391,Checking,2166.67,2023-06-28,552.39,Active,BRN000174
ACC000792,CUST000215,Savings,9640.79,2021-04-14,268.83,Active,BRN000842
ACC000793,CUST000581,Savings,4686.4,2022-01-01,663.81,Inactive,BRN000412
ACC000794,CUST000326,Business,7680.44,2025-01-27,537.03,Inactive,BRN000865
ACC000795,CUST000144,Checking,3088.79,2023-06-28,585.01,Inactive,BRN000158
ACC000796,CUST000162,Checking,2268.62,2025-01-07,323.78,Active,BRN000275
ACC000797,CUST000495,Business,7274.61,2023-08-08,565.77,Inactive,BRN000299
ACC000798,CUST000959,Checking,3289.93,2025-01-21,814.37,Active,BRN000815
ACC000799,CUST000639,Business,2316.81,2020-10-13,345.47,Closed,BRN000870
ACC000800,CUST000499,Checking,6259.37,2020-06-05,283.4,Closed,BRN000279
ACC000801,CUST000876,Business,8399.63,2024-08-18,534.89,Inactive,BRN000846
ACC000802,CUST000004,Business,1076.04,2020-06-13,191.39,Active,BRN000194
ACC000803,CUST000893,Business,2199.58,2020-05-30,604.0,Active,BRN000447
ACC000804,CUST000794,Savings,7787.73,2021-04-27,715.87,Active,BRN000089
ACC000805,CUST000667,Savings,8489.93,2020-12-02,943.14,Closed,BRN000195
ACC000806,CUST000064,Savings,4540.65,2023-01-30,789.86,Inactive,BRN000220
ACC000807,CUST000529,Savings,7802.34,2020-11-21,174.62,Closed,BRN000752
ACC000808,CUST000238,Business,4205.25,2025-01-26,996.28,Inactive,BRN000030
ACC000809,CUST000685,Business,4972.41,2022-10-30,477.95,Inactive,BRN000652
ACC000810,CUST000382,Business,686.93,2020-01-20,811.71,Active,BRN000356
ACC000811,CUST000521,Savings,5612.9,2021-05-02,731.15,Active,BRN000115
ACC000812,CUST000379,Business,8691.38,2020-09-09,410.3,Active,BRN000694
ACC000813,CUST000508,Checking,6806.84,2022-04-07,722.0,Closed,BRN000707
ACC000814,CUST000432,Savings,234.76,2022-03-05,908.01,Active,BRN000176
ACC000815,CUST000885,Checking,6842.78,2021-10-01,565.27,Inactive,BRN000417
ACC000816,CUST000568,Checking,3397.02,2021-05-11,435.24,Closed,BRN000421
ACC000817,CUST000350,Business,9090.43,2021-10-30,159.56,Active,BRN000432
ACC000818,CUST000674,Savings,9019.85,2021-04-07,498.59,Active,BRN000991
ACC000819,CUST000528,Savings,8724.59,2022-09-12,632.2,Inactive,BRN000633
ACC000820,CUST000319,Savings,5485.68,2024-02-23,383.18,Active,BRN000996
ACC000821,CUST000703,Business,3780.09,2021-07-29,261.32,Active,BRN000832
ACC000822,CUST000871,Checking,4880.51,2020-07-23,549.55,Inactive,BRN000880
ACC000823,CUST000721,Savings,9986.48,2020-03-03,321.43,Closed,BRN000648
ACC000824,CUST000104,Business,294.5,2022-02-19,865.45,Inactive,BRN000089
ACC000825,CUST000120,Checking,8489.39,2022-06-30,644.7,Inactive,BRN000474
ACC000826,CUST000802,Savings,5309.48,2020-09-01,951.97,Inactive,BRN000920
ACC000827,CUST000516,Checking,9897.08,2021-09-06,204.38,Active,BRN000863
ACC000828,CUST000280,Savings,614.14,2020-06-10,519.11,Active,BRN000917
ACC000829,CUST000166,Checking,1187.67,2021-05-25,171.5,Closed,BRN000267
ACC000830,CUST000931,Checking,3849.81,2020-10-22,224.72,Closed,BRN000058
ACC000831,CUST000467,Business,1368.45,2020-10-01,872.69,Inactive,BRN000352
ACC000832,CUST000754,Savings,325.68,2021-08-04,745.41,Inactive,BRN000163
ACC000833,CUST000443,Savings,8157.54,2023-11-13,440.71,Active,BRN000108
ACC000834,CUST000857,Checking,3979.9,2023-08-08,211.67,Closed,BRN000795
ACC000835,CUST000417,Business,4040.89,2023-02-09,685.33,Active,BRN000035
ACC000836,CUST000022,Business,3970.48,2023-03-29,121.49,Inactive,BRN000809
ACC000837,CUST000692,Business,3701.23,2020-09-22,957.25,Closed,BRN000470
ACC000838,CUST000308,Checking,3773.03,2022-02-03,790.25,Active,BRN000611
ACC000839,CUST000205,Checking,5392.83,2022-06-24,586.27,Inactive,BRN000701
ACC000840,CUST000330,Savings,9457.13,2024-12-25,588.27,Closed,BRN000373
ACC000841,CUST000752,Checking,4750.65,2020-10-29,239.17,Inactive,BRN000606
ACC000842,CUST000072,Savings,6537.38,2021-09-13,722.02,Inactive,BRN000102
ACC000843,CUST000755,Savings,1465.13,2025-01-07,994.8,Active,BRN000979
ACC000844,CUST000333,Business,7447.98,2021-06-04,937.96,Inactive,BRN000509
ACC000845,CUST000495,Checking,6370.44,2022-04-08,418.56,Inactive,BRN000955
ACC000846,CUST000451,Checking,6421.64,2020-06-16,227.46,Closed,BRN000058
ACC000847,CUST000823,Checking,7802.57,2020-03-15,987.99,Closed,BRN000730
ACC000848,CUST000430,Savings,1244.15,2024-04-17,935.55,Inactive,BRN000306
ACC000849,CUST000589,Checking,3067.01,2023-02-27,620.79,Inactive,BRN000236
ACC000850,CUST000716,Business,736.47,2020-02-16,208.95,Inactive,BRN000320
ACC000851,CUST000352,Business,102.73,2024-09-23,679.34,Active,BRN000417
ACC000852,CUST000373,Checking,3594.02,2020-04-20,102.24,Closed,BRN000239
ACC000853,CUST000705,Savings,6209.15,2020-01-18,718.78,Active,BRN000223
ACC000854,CUST000856,Checking,721.47,2022-08-03,904.97,Active,BRN000546
ACC000855,CUST000248,Business,3071.64,2023-10-08,499.03,Inactive,BRN000132
ACC000856,CUST000400,Savings,3761.35,2023-02-18,666.15,Inactive,BRN000014
ACC000857,CUST000221,Savings,6509.92,2020-08-06,971.23,Active,BRN000443
ACC000858,CUST000933,Checking,5830.07,2024-01-26,965.97,Inactive,BRN000367
ACC000859,CUST000289,Business,2772.36,2021-06-13,587.23,Inactive,BRN000199
ACC000860,CUST000867,Checking,5016.27,2020-06-29,146.99,Closed,BRN000525
ACC000861,CUST000817,Checking,2701.44,2023-07-20,625.15,Active,BRN000231
ACC000862,CUST000712,Savings,8932.73,2022-07-08,339.93,Active,BRN000980
ACC000863,CUST000717,Checking,3640.94,2024-12-29,148.2,Active,BRN000545
ACC000864,CUST000194,Checking,727.21,2020-03-21,777.12,Active,BRN000686
ACC000865,CUST000824,Savings,3593.04,2020-03-30,391.68,Inactive,BRN000391
ACC000866,CUST000860,Checking,5036.84,2020-01-23,729.33,Inactive,BRN000301
ACC000867,CUST000907,Business,9946.31,2022-06-25,922.93,Active,BRN000219
ACC000868,CUST000529,Savings,3341.65,2021-05-23,618.92,Inactive,BRN000646
ACC000869,CUST000928,Savings,7317.73,2020-11-27,481.87,Closed,BRN000461
ACC000870,CUST000105,Checking,3119.85,2023-11-01,972.22,Inactive,BRN000995
ACC000871,CUST000328,Savings,632.57,2024-10-23,194.83,Closed,BRN000657
ACC000872,CUST000092,Checking,5261.56,2024-04-20,472.6,Inactive,BRN000734
ACC000873,CUST000564,Checking,2998.45,2024-09-07,475.65,Active,BRN000640
ACC000874,CUST000367,Checking,8726.91,2021-12-15,169.9,Closed,BRN000992
ACC000875,CUST000732,Savings,2691.43,2022-01-27,508.63,Active,BRN000725
ACC000876,CUST000756,Checking,257.2,2023-07-19,100.75,Inactive,BRN000138
ACC000877,CUST000803,Business,962.73,2021-09-14,166.97,Active,BRN000230
ACC000878,CUST000125,Business,5140.66,2023-06-17,612.07,Closed,BRN000415
ACC000879,CUST000894,Business,3600.45,2023-01-19,507.83,Active,BRN000621
ACC000880,CUST000792,Savings,1513.08,2024-08-20,119.12,Inactive,BRN000802
ACC000881,CUST000138,Checking,1220.75,2024-07-30,806.65,Inactive,BRN000617
ACC000882,CUST000933,Checking,8689.55,2020-04-30,391.17,Active,BRN000915
ACC000883,CUST000539,Checking,5401.43,2023-07-05,551.21,Active,BRN000206
ACC000884,CUST000695,Business,2645.3,2021-11-30,304.98,Inactive,BRN000908
ACC000885,CUST000686,Business,4136.47,2024-07-14,187.73,Active,BRN000370
ACC000886,CUST000440,Checking,4383.55,2024-02-15,761.79,Active,BRN000466
ACC000887,CUST000447,Business,3102.5,2022-06-08,208.08,Inactive,BRN000416
ACC000888,CUST000698,Checking,718.27,2024-10-19,888.63,Inactive,BRN000002
ACC000889,CUST000951,Business,4170.25,2020-11-07,270.12,Closed,BRN000028
ACC000890,CUST000412,Business,2889.53,2021-06-06,881.41,Inactive,BRN000350
ACC000891,CUST000799,Checking,5505.54,2020-06-24,390.17,Active,BRN000895
ACC000892,CUST000084,Business,7796.91,2020-01-17,984.03,Closed,BRN000703
ACC000893,CUST000465,Business,6847.52,2021-08-03,202.59,Active,BRN000312
ACC000894,CUST000857,Checking,5711.41,2020-10-06,244.06,Active,BRN000167
ACC000895,CUST000471,Business,7231.44,2023-07-26,377.83,Inactive,BRN000409
ACC000896,CUST000682,Savings,373.01,2020-04-08,930.41,Active,BRN000008
ACC000897,CUST000959,Savings,9907.07,2021-10-25,304.87,Inactive,BRN000905
ACC000898,CUST000371,Business,4761.5,2025-01-29,941.78,Inactive,BRN000878
ACC000899,CUST000289,Savings,8525.42,2020-08-09,614.71,Closed,BRN000357
ACC000900,CUST000532,Checking,9156.59,2020-06-07,862.0,Active,BRN000799
ACC000901,CUST000740,Savings,5359.58,2024-03-05,254.05,Inactive,BRN000071
ACC000902,CUST000089,Checking,7431.16,2024-12-06,343.82,Active,BRN000185
ACC000903,CUST000944,Savings,7894.52,2020-09-23,195.25,Closed,BRN000586
ACC000904,CUST000555,Savings,3111.37,2020-02-29,986.88,Active,BRN000317
ACC000905,CUST000107,Business,7491.37,2020-01-13,945.67,Closed,BRN000891
ACC000906,CUST000831,Savings,169.22,2024-06-17,860.7,Active,BRN000913
ACC000907,CUST000239,Savings,5910.5,2024-03-09,642.37,Inactive,BRN000636
ACC000908,CUST000913,Savings,7519.77,2023-08-29,699.47,Closed,BRN000074
ACC000909,CUST000301,Business,4185.76,2022-08-26,163.64,Active,BRN000223
ACC000910,CUST000809,Savings,419.44,2021-07-17,383.13,Active,BRN000011
ACC000911,CUST000245,Checking,647.42,2024-12-02,476.34,Closed,BRN000514
ACC000912,CUST000289,Checking,5321.72,2024-01-17,983.73,Inactive,BRN000153
ACC000913,CUST000131,Business,2058.75,2024-06-14,496.73,Closed,BRN000299
ACC000914,CUST000130,Savings,3638.1,2020-03-13,661.29,Inactive,BRN000910
ACC000915,CUST000899,Business,5603.23,2023-10-07,305.85,Active,BRN000311
ACC000916,CUST000404,Savings,6027.2,2021-09-13,333.54,Inactive,BRN000408
ACC000917,CUST000904,Business,3280.35,2023-10-29,123.62,Active,BRN000453
ACC000918,CUST000134,Savings,6170.61,2021-03-25,763.86,Inactive,BRN000470
ACC000919,CUST000076,Checking,5768.55,2020-02-05,820.91,Active,BRN000037
ACC000920,CUST000714,Savings,287.35,2021-01-09,228.81,Active,BRN000340
ACC000921,CUST000681,Checking,4585.5,2020-01-29,636.95,Inactive,BRN000679
ACC000922,CUST000595,Business,9484.44,2023-06-06,998.19,Inactive,BRN000763
ACC000923,CUST000388,Checking,6439.61,2021-01-30,894.46,Closed,BRN000180
ACC000924,CUST000573,Business,872.33,2022-12-04,166.82,Closed,BRN000225
ACC000925,CUST000772,Checking,1505.07,2022-08-23,350.63,Inactive,BRN000505
ACC000926,CUST000298,Savings,2635.34,2023-11-07,892.05,Active,BRN000357
ACC000927,CUST000790,Checking,9070.42,2022-11-23,740.46,Inactive,BRN000097
ACC000928,CUST000642,Checking,5198.57,2020-09-03,869.25,Closed,BRN000695
ACC000929,CUST000272,Savings,2359.45,2021-08-02,971.58,Active,BRN000753
ACC000930,CUST000168,Savings,9331.1,2021-12-27,877.11,Active,BRN000313
ACC000931,CUST000350,Business,4156.2,2020-12-31,478.13,Active,BRN000271
ACC000932,CUST000713,Savings,9859.28,2021-04-29,653.26,Closed,BRN000687
ACC000933,CUST000531,Savings,1958.22,2023-12-23,216.52,Inactive,BRN000685
ACC000934,CUST000673,Savings,5846.08,2022-10-25,604.76,Closed,BRN000766
ACC000935,CUST000872,Business,5922.67,2023-10-20,193.82,Inactive,BRN000110
ACC000936,CUST000458,Savings,1226.08,2024-07-19,932.0,Active,BRN000088
ACC000937,CUST000417,Business,1020.85,2023-03-07,653.03,Closed,BRN000633
ACC000938,CUST000230,Savings,5139.48,2024-02-13,720.49,Active,BRN000132
ACC000939,CUST000847,Checking,9539.75,2023-06-29,789.86,Active,BRN000769
ACC000940,CUST000238,Savings,2052.46,2025-01-30,870.34,Closed,BRN000418
ACC000941,CUST000576,Savings,5832.45,2023-04-24,294.23,Closed,BRN000488
ACC000942,CUST000520,Savings,3656.79,2024-11-11,809.23,Active,BRN000285
ACC000943,CUST000805,Checking,9160.11,2020-09-08,886.11,Active,BRN000682
ACC000944,CUST000195,Business,1003.45,2023-10-09,652.79,Inactive,BRN000228
ACC000945,CUST000321,Savings,2389.21,2021-08-06,807.18,Closed,BRN000867
ACC000946,CUST000198,Business,7365.9,2020-12-16,379.87,Active,BRN000904
ACC000947,CUST000592,Savings,2295.21,2020-07-24,824.74,Closed,BRN000782
ACC000948,CUST000988,Savings,377.35,2024-09-21,789.77,Inactive,BRN000728
ACC000949,CUST000405,Checking,3179.52,2022-12-14,785.29,Closed,BRN000710
ACC000950,CUST000619,Checking,7752.03,2022-03-10,632.02,Active,BRN000937
ACC000951,CUST000321,Business,3943.97,2023-11-07,454.12,Inactive,BRN000461
ACC000952,CUST000668,Checking,1810.19,2022-10-28,857.59,Closed,BRN000214
ACC000953,CUST000514,Checking,965.75,2024-05-24,104.04,Closed,BRN000542
ACC000954,CUST000719,Savings,9275.62,2020-10-22,621.8,Inactive,BRN000904
ACC000955,CUST000814,Savings,3550.63,2025-02-03,411.92,Inactive,BRN000983
ACC000956,CUST000384,Checking,4704.8,2023-01-08,423.92,Active,BRN000052
ACC000957,CUST000469,Business,5639.7,2021-10-24,880.57,Closed,BRN000462
ACC000958,CUST000186,Savings,550.98,2021-06-04,865.97,Closed,BRN000230
ACC000959,CUST000083,Savings,1525.59,2022-05-14,740.28,Active,BRN000275
ACC000960,CUST000791,Checking,5472.48,2022-06-23,810.85,Active,BRN000111
ACC000961,CUST000877,Savings,4501.58,2020-08-13,359.99,Closed,BRN000941
ACC000962,CUST000249,Checking,2091.34,2022-11-04,311.44,Inactive,BRN000007
ACC000963,CUST000115,Savings,8705.28,2024-02-28,760.6,Inactive,BRN000903
ACC000964,CUST000983,Checking,5541.97,2023-05-11,934.35,Inactive,BRN000286
ACC000965,CUST000651,Savings,6061.4,2021-10-29,671.29,Active,BRN000737
ACC000966,CUST000391,Business,216.82,2023-04-16,674.27,Inactive,BRN000862
ACC000967,CUST000919,Savings,8741.75,2021-06-23,672.78,Closed,BRN000263
ACC000968,CUST000388,Business,6459.52,2024-07-16,793.36,Inactive,BRN000316
ACC000969,CUST000074,Savings,1948.31,2024-06-22,873.95,Active,BRN000465
ACC000970,CUST000589,Savings,1605.49,2023-09-19,376.25,Inactive,BRN000293
ACC000971,CUST000264,Savings,5482.81,2024-08-10,957.39,Inactive,BRN000635
ACC000972,CUST000996,Business,7925.0,2023-10-04,292.66,Active,BRN000043
ACC000973,CUST000562,Savings,7376.58,2022-01-03,491.58,Active,BRN000966
ACC000974,CUST000966,Business,5706.8,2024-02-20,464.7,Active,BRN000836
ACC000975,CUST000585,Savings,2170.93,2020-05-19,675.58,Active,BRN000811
ACC000976,CUST000267,Checking,5891.36,2021-02-28,515.45,Inactive,BRN000730
ACC000977,CUST000207,Savings,8908.76,2024-11-27,166.48,Inactive,BRN000243
ACC000978,CUST000673,Savings,2338.5,2023-01-10,131.36,Active,BRN000311
ACC000979,CUST000264,Business,3573.27,2022-06-04,435.25,Active,BRN000244
ACC000980,CUST000465,Checking,4106.44,2021-05-22,264.6,Closed,BRN000969
ACC000981,CUST000848,Business,6326.33,2022-03-13,941.05,Inactive,BRN000314
ACC000982,CUST000690,Savings,4274.17,2021-07-10,731.99,Active,BRN000863
ACC000983,CUST000478,Checking,357.31,2023-08-24,425.53,Active,BRN000447
ACC000984,CUST000202,Business,6199.51,2020-05-16,996.98,Inactive,BRN000135
ACC000985,CUST000364,Checking,771.23,2024-08-18,867.4,Active,BRN000544
ACC000986,CUST000251,Checking,9281.94,2024-12-28,879.42,Closed,BRN000151
ACC000987,CUST000237,Business,2535.82,2021-02-09,848.28,Closed,BRN000043
ACC000988,CUST000157,Savings,1712.38,2022-01-03,922.92,Closed,BRN000952
ACC000989,CUST000808,Savings,6924.3,2023-06-14,722.23,Active,BRN000694
ACC000990,CUST000416,Business,5557.29,2024-07-06,123.32,Active,BRN000958
ACC000991,CUST000270,Checking,2360.53,2021-05-25,496.85,Inactive,BRN000889
ACC000992,CUST000678,Checking,9581.65,2020-11-07,674.92,Closed,BRN000890
ACC000993,CUST000801,Business,695.48,2022-09-01,952.03,Active,BRN000490
ACC000994,CUST000379,Checking,4261.03,2020-10-22,729.6,Active,BRN000191
ACC000995,CUST000672,Business,1694.51,2023-11-12,723.34,Closed,BRN000279
ACC000996,CUST000105,Checking,3515.17,2021-06-28,596.89,Closed,BRN000370
ACC000997,CUST000392,Checking,2121.27,2020-03-04,483.55,Active,BRN000783
ACC000998,CUST000768,Checking,6007.76,2023-11-26,783.2,Active,BRN000241
ACC000999,CUST000702,Business,8433.11,2020-10-06,316.01,Closed,BRN000700
ACC001000,CUST000173,Checking,3034.25,2022-03-13,355.34,Inactive,BRN000857
