LoanID,CustomerID,LoanAmount,LoanType,InterestRate,LoanStartDate,LoanEndDate
LN000001,CUST000675,12202.81,Car,9.51,2022-01-26,2032-05-15
LN000002,CUST000821,30546.67,Car,7.03,2022-03-19,2030-08-14
LN000003,CUST000615,12062.46,Education,5.59,2023-02-19,2029-09-07
LN000004,CUST000868,30214.73,Home,6.39,2022-04-26,2034-10-01
LN000005,CUST000462,41270.95,Home,3.71,2024-01-30,2033-08-05
LN000006,CUST000051,22817.1,Education,9.5,2024-03-15,2030-03-09
LN000007,CUST000205,44249.36,Home,6.31,2022-10-22,2033-10-24
LN000008,CUST000419,36460.37,Home,5.73,2024-04-27,2032-07-19
LN000009,CUST000975,6570.48,Home,9.46,2023-02-11,2031-10-12
LN000010,CUST000282,11256.26,Car,6.64,2024-07-25,2026-11-13
LN000011,CUST000574,8206.13,Car,3.12,2023-10-17,2028-08-18
LN000012,CUST000310,1209.48,Car,8.03,2020-02-16,2032-04-16
LN000013,CUST000895,45721.21,Home,8.59,2025-02-16,2030-06-13
LN000014,CUST000804,41415.59,Car,8.53,2020-07-05,2033-02-23
LN000015,CUST000697,18789.84,Car,4.87,2021-10-26,2029-03-08
LN000016,CUST000084,4931.55,Car,8.52,2020-02-14,2034-05-30
LN000017,CUST000990,11645.45,Education,7.97,2021-10-07,2029-12-09
LN000018,CUST000139,27997.82,Education,7.89,2024-07-16,2028-04-07
LN000019,CUST000510,38781.72,Education,9.6,2025-02-21,2027-08-12
LN000020,CUST000326,27534.91,Car,4.34,2023-09-06,2034-06-12
LN000021,CUST000438,2411.9,Education,3.46,2020-09-26,2033-08-02
LN000022,CUST000135,32642.99,Education,6.04,2021-08-01,2033-07-17
LN000023,CUST000772,12180.6,Education,9.0,2023-03-01,2030-09-01
LN000024,CUST000892,44279.87,Car,8.14,2020-07-31,2026-03-27
LN000025,CUST000104,10525.35,Home,6.02,2022-10-01,2034-08-06
LN000026,CUST000863,5589.47,Education,7.43,2023-09-10,2033-10-17
LN000027,CUST000249,37615.15,Education,8.83,2022-02-23,2030-08-10
LN000028,CUST000304,26213.98,Education,5.93,2024-01-03,2032-10-12
LN000029,CUST000212,44979.08,Car,3.07,2020-07-29,2031-07-23
LN000030,CUST000980,3605.44,Car,3.78,2024-12-08,2026-06-14
LN000031,CUST000138,1313.28,Car,7.77,2021-07-03,2030-08-09
LN000032,CUST000989,26326.56,Home,7.22,2023-06-21,2029-07-30
LN000033,CUST000828,46591.28,Home,8.63,2021-05-08,2034-02-07
LN000034,CUST000670,40325.54,Home,8.11,2021-04-30,2028-10-29
LN000035,CUST000374,40664.39,Car,4.49,2023-09-14,2029-09-11
LN000036,CUST000407,41973.48,Home,7.16,2021-08-23,2030-06-08
LN000037,CUST000041,31626.52,Home,3.18,2024-11-10,2028-08-21
LN000038,CUST000545,2387.28,Education,5.46,2020-04-25,2032-07-04
LN000039,CUST000881,17152.42,Car,9.18,2023-05-16,2031-02-17
LN000040,CUST000982,37965.62,Education,3.74,2021-09-09,2031-06-08
LN000041,CUST000700,37637.15,Home,5.67,2021-10-20,2026-09-17
LN000042,CUST000949,12182.13,Education,6.63,2024-04-16,2031-04-27
LN000043,CUST000950,22510.45,Home,7.0,2022-01-03,2032-03-16
LN000044,CUST000862,8581.9,Home,9.42,2021-11-22,2031-02-03
LN000045,CUST000489,23030.05,Education,8.86,2020-06-02,2029-01-30
LN000046,CUST000498,22450.69,Education,3.16,2020-11-05,2027-10-21
LN000047,CUST000495,46194.14,Education,5.73,2024-06-01,2028-04-12
LN000048,CUST000848,21058.45,Education,6.49,2020-10-12,2031-06-26
LN000049,CUST000635,17003.54,Car,8.06,2024-11-14,2031-11-14
LN000050,CUST000151,21834.68,Education,5.31,2021-08-19,2027-08-09
LN000051,CUST000365,23996.77,Car,5.26,2023-05-17,2034-03-26
LN000052,CUST000559,46949.27,Car,4.0,2021-12-28,2034-08-11
LN000053,CUST000164,7668.12,Education,7.98,2024-09-03,2027-02-21
LN000054,CUST000393,33442.46,Car,7.2,2023-10-30,2034-06-04
LN000055,CUST000009,3759.64,Education,4.94,2023-06-13,2031-08-12
LN000056,CUST000011,28547.02,Home,3.53,2024-11-28,2028-08-19
LN000057,CUST000257,43922.73,Home,8.12,2022-09-22,2027-04-26
LN000058,CUST000739,29374.75,Home,6.23,2021-06-24,2030-09-06
LN000059,CUST000461,17683.49,Car,6.46,2023-03-03,2029-11-24
LN000060,CUST000763,47298.46,Home,5.43,2022-03-02,2032-09-29
LN000061,CUST000123,14838.81,Home,9.24,2023-06-02,2027-06-06
LN000062,CUST000126,4334.95,Car,8.69,2021-06-15,2026-11-04
LN000063,CUST000333,44596.14,Car,8.43,2021-02-11,2031-03-21
LN000064,CUST000117,20966.83,Education,9.05,2024-01-30,2026-09-09
LN000065,CUST000352,49475.48,Education,8.76,2021-07-20,2030-04-10
LN000066,CUST000961,45531.19,Car,5.24,2023-07-15,2033-02-25
LN000067,CUST000769,5770.78,Car,7.17,2020-10-12,2031-07-10
LN000068,CUST000001,8217.62,Home,3.36,2024-02-09,2033-05-12
LN000069,CUST000137,22251.6,Home,7.36,2024-06-26,2026-07-30
LN000070,CUST000346,44584.39,Education,5.08,2020-04-27,2031-01-05
LN000071,CUST000110,1014.06,Home,9.67,2022-08-18,2029-10-10
LN000072,CUST000110,37296.29,Education,6.78,2024-12-05,2026-12-07
LN000073,CUST000707,25755.08,Home,9.42,2023-09-25,2028-03-24
LN000074,CUST000694,37551.87,Car,8.43,2024-01-16,2032-12-19
LN000075,CUST000847,21947.48,Car,4.6,2022-04-09,2027-01-28
LN000076,CUST000012,6806.21,Home,9.77,2024-11-07,2034-09-10
LN000077,CUST000969,25008.01,Education,5.67,2020-07-29,2028-04-15
LN000078,CUST000246,9681.89,Home,3.81,2021-07-24,2030-06-28
LN000079,CUST000476,12528.45,Education,8.47,2020-12-12,2026-08-22
LN000080,CUST000374,47554.84,Home,8.96,2023-05-14,2028-04-22
LN000081,CUST000342,1686.06,Home,7.3,2023-01-19,2033-06-23
LN000082,CUST000626,39053.02,Car,9.17,2024-02-04,2029-02-02
LN000083,CUST000839,27789.29,Car,9.08,2020-12-27,2030-11-14
LN000084,CUST000131,45976.07,Education,7.1,2022-08-21,2031-01-17
LN000085,CUST000705,35135.82,Home,5.5,2023-03-29,2034-03-18
LN000086,CUST000188,12542.96,Education,8.62,2022-08-15,2029-10-20
LN000087,CUST000074,10763.83,Home,9.55,2022-10-02,2030-09-20
LN000088,CUST000576,1692.03,Car,4.81,2024-06-28,2029-07-10
LN000089,CUST000768,22434.05,Home,4.46,2020-04-15,2031-02-26
LN000090,CUST000808,4272.39,Home,7.21,2023-07-02,2027-07-26
LN000091,CUST000568,22939.4,Car,8.61,2021-07-13,2031-03-24
LN000092,CUST000712,9139.53,Home,7.31,2022-07-31,2032-03-04
LN000093,CUST000189,22274.71,Home,3.83,2024-12-01,2027-01-05
LN000094,CUST000126,21716.98,Car,5.98,2021-06-08,2026-05-17
LN000095,CUST000391,9800.86,Car,8.55,2022-11-23,2031-04-07
LN000096,CUST000365,12337.34,Education,4.08,2020-12-07,2031-04-06
LN000097,CUST000681,3310.53,Home,6.08,2021-07-02,2031-11-03
LN000098,CUST000140,47312.58,Home,4.1,2023-07-03,2032-07-14
LN000099,CUST000410,26365.47,Home,9.43,2020-07-09,2031-05-07
LN000100,CUST000160,18745.74,Car,7.25,2020-09-23,2029-03-17
LN000101,CUST000274,6145.29,Education,6.82,2024-03-05,2029-05-12
LN000102,CUST000678,33142.38,Education,9.09,2022-11-08,2030-01-30
LN000103,CUST000350,38912.49,Home,4.85,2022-01-29,2032-11-10
LN000104,CUST000660,29787.44,Home,3.3,2020-07-24,2026-11-01
LN000105,CUST000566,47817.86,Car,7.38,2021-05-29,2028-10-25
LN000106,CUST000529,45899.94,Car,6.72,2023-05-16,2028-03-25
LN000107,CUST000113,4038.92,Education,6.76,2022-12-04,2026-05-15
LN000108,CUST000622,28801.77,Home,5.39,2022-08-17,2034-01-20
LN000109,CUST000487,27286.27,Car,9.57,2020-03-15,2032-09-16
LN000110,CUST000184,41450.99,Car,7.31,2020-09-04,2034-02-10
LN000111,CUST000545,27397.52,Home,6.75,2021-09-26,2030-06-01
LN000112,CUST000818,24018.68,Education,8.08,2021-04-06,2031-07-02
LN000113,CUST000035,36876.8,Car,5.62,2020-03-17,2033-01-06
LN000114,CUST000481,39466.34,Home,3.78,2023-03-02,2030-05-15
LN000115,CUST000540,34534.39,Education,7.16,2022-10-21,2027-05-15
LN000116,CUST000670,5842.88,Education,4.43,2023-02-20,2032-05-31
LN000117,CUST000258,17830.99,Education,8.38,2020-09-09,2026-05-07
LN000118,CUST000342,35921.98,Home,6.22,2021-01-06,2027-11-24
LN000119,CUST000566,24415.76,Education,9.17,2025-01-01,2028-06-16
LN000120,CUST000205,47308.05,Home,5.28,2024-10-16,2031-07-20
LN000121,CUST000318,13916.5,Home,4.97,2024-04-19,2032-11-20
LN000122,CUST000628,9787.15,Home,8.09,2024-05-02,2029-01-20
LN000123,CUST000606,30064.15,Education,5.91,2022-05-03,2028-01-06
LN000124,CUST000270,27744.66,Car,8.28,2023-08-24,2028-10-07
LN000125,CUST000064,22950.25,Education,3.37,2024-11-04,2031-09-24
LN000126,CUST000040,7344.91,Car,8.94,2024-09-23,2031-01-11
LN000127,CUST000018,4216.68,Car,8.28,2022-06-23,2029-04-06
LN000128,CUST000383,16674.63,Car,5.82,2025-02-25,2033-11-25
LN000129,CUST000053,33152.77,Education,7.19,2024-04-05,2030-05-21
LN000130,CUST000381,38135.71,Home,4.71,2021-03-17,2031-01-24
LN000131,CUST000830,30830.92,Education,5.52,2024-12-15,2029-09-24
LN000132,CUST000932,34506.3,Home,8.45,2023-11-03,2033-12-18
LN000133,CUST000662,36592.84,Education,5.76,2022-07-15,2033-11-21
LN000134,CUST000592,29128.43,Home,3.48,2021-10-15,2028-05-05
LN000135,CUST000350,13829.01,Education,6.94,2021-09-19,2033-02-09
LN000136,CUST000196,24312.22,Home,8.72,2020-06-23,2032-06-24
LN000137,CUST000867,48120.26,Education,9.62,2021-05-06,2034-11-15
LN000138,CUST000341,22683.27,Car,9.17,2020-04-25,2028-12-18
LN000139,CUST000308,13095.72,Home,8.85,2021-04-02,2027-03-15
LN000140,CUST000652,7129.44,Home,3.42,2020-02-07,2033-05-17
LN000141,CUST000820,20640.38,Car,7.48,2024-02-13,2030-08-21
LN000142,CUST000212,22446.65,Car,3.39,2023-10-13,2030-09-01
LN000143,CUST000642,4148.46,Car,8.83,2022-02-14,2033-05-31
LN000144,CUST000124,11166.32,Car,5.44,2020-01-22,2029-09-05
LN000145,CUST000830,13487.97,Home,9.59,2020-07-08,2027-03-19
LN000146,CUST000655,16083.09,Education,9.45,2020-08-01,2030-12-01
LN000147,CUST000102,44678.4,Education,5.82,2021-10-19,2026-06-06
LN000148,CUST000942,45905.93,Home,8.49,2020-02-02,2033-12-05
LN000149,CUST000634,21270.15,Car,8.37,2023-01-27,2032-05-20
LN000150,CUST000776,11810.62,Car,8.58,2023-04-10,2032-07-08
LN000151,CUST000773,8548.56,Home,3.93,2024-05-18,2028-07-06
LN000152,CUST000830,35870.71,Education,5.54,2025-02-09,2027-02-28
LN000153,CUST000404,22886.84,Car,7.43,2021-05-14,2033-09-29
LN000154,CUST000455,37021.77,Education,5.09,2024-11-18,2027-04-29
LN000155,CUST000779,22941.6,Home,6.43,2023-04-05,2032-04-05
LN000156,CUST000181,45028.07,Home,4.61,2022-06-08,2033-04-18
LN000157,CUST000217,17633.52,Car,4.28,2020-10-01,2030-11-08
LN000158,CUST000595,13745.8,Education,7.59,2023-12-25,2033-04-01
LN000159,CUST000556,3747.55,Home,6.81,2022-05-29,2034-09-22
LN000160,CUST000552,18611.58,Home,3.13,2022-11-21,2033-12-30
LN000161,CUST000187,45933.56,Home,9.07,2022-02-04,2031-02-04
LN000162,CUST000838,35860.99,Car,8.2,2024-01-13,2029-03-26
LN000163,CUST000903,43441.99,Home,6.95,2020-11-08,2029-03-19
LN000164,CUST000883,10724.79,Education,6.09,2022-10-18,2031-04-12
LN000165,CUST000986,40986.75,Car,8.73,2020-06-26,2033-11-08
LN000166,CUST000022,21674.94,Education,3.67,2022-07-08,2032-07-25
LN000167,CUST000432,18411.06,Home,7.94,2021-08-19,2030-10-06
LN000168,CUST000739,33479.25,Home,8.03,2022-09-05,2032-05-15
LN000169,CUST000421,22351.01,Car,3.39,2020-10-15,2031-09-30
LN000170,CUST000981,43538.65,Home,8.76,2021-04-15,2034-07-24
LN000171,CUST000548,17930.96,Education,7.48,2020-12-25,2032-05-15
LN000172,CUST000765,23451.79,Education,5.85,2020-01-01,2032-11-09
LN000173,CUST000002,18109.34,Home,3.79,2021-09-12,2030-09-02
LN000174,CUST000455,23842.64,Education,3.6,2023-02-14,2032-01-20
LN000175,CUST000503,5274.33,Education,8.98,2024-08-30,2028-12-23
LN000176,CUST000962,21632.76,Home,6.99,2024-06-12,2027-04-16
LN000177,CUST000828,11393.99,Home,3.66,2024-11-20,2029-02-25
LN000178,CUST000887,42381.21,Education,7.6,2022-07-09,2026-10-27
LN000179,CUST000082,26685.06,Education,6.23,2021-08-12,2026-04-15
LN000180,CUST000797,18495.52,Education,7.22,2021-10-08,2031-02-02
LN000181,CUST000693,19667.0,Education,6.52,2020-09-23,2032-12-25
LN000182,CUST000847,24004.42,Home,3.49,2023-05-31,2028-03-18
LN000183,CUST000837,45209.29,Home,6.03,2023-12-01,2033-06-26
LN000184,CUST000309,11804.57,Car,7.47,2024-07-08,2034-07-10
LN000185,CUST000035,46283.97,Education,7.56,2020-07-20,2033-04-14
LN000186,CUST000946,11730.04,Home,7.15,2024-10-08,2031-06-23
LN000187,CUST000470,17633.28,Home,8.05,2020-11-12,2030-09-12
LN000188,CUST000354,44010.7,Education,3.28,2023-02-24,2032-07-16
LN000189,CUST000427,14456.21,Home,4.34,2025-01-03,2029-11-22
LN000190,CUST000008,44281.02,Home,9.41,2021-03-13,2034-05-30
LN000191,CUST000115,7078.94,Education,9.77,2020-06-20,2031-04-25
LN000192,CUST000647,42858.78,Car,7.21,2020-10-28,2032-07-03
LN000193,CUST000443,47242.83,Home,7.77,2022-03-30,2029-09-18
LN000194,CUST000246,21425.59,Home,9.25,2020-04-29,2034-06-28
LN000195,CUST000009,45334.98,Home,9.8,2024-12-27,2034-07-17
LN000196,CUST000099,29356.56,Education,6.45,2024-08-08,2030-09-27
LN000197,CUST000077,47687.32,Education,5.67,2020-04-03,2028-10-06
LN000198,CUST000631,12733.68,Home,6.32,2023-08-17,2032-10-23
LN000199,CUST000848,33558.95,Home,9.35,2020-10-20,2033-08-27
LN000200,CUST000310,4472.0,Education,7.33,2022-08-09,2035-01-25
LN000201,CUST000738,4930.77,Car,5.74,2022-09-29,2026-09-26
LN000202,CUST000043,7478.44,Home,4.99,2023-06-04,2026-03-22
LN000203,CUST000486,28834.97,Education,5.55,2021-10-07,2027-05-07
LN000204,CUST000260,9052.44,Education,3.71,2024-05-18,2031-04-30
LN000205,CUST000493,47216.05,Home,8.12,2024-04-26,2032-12-23
LN000206,CUST000890,30137.04,Car,3.73,2023-05-26,2030-11-25
LN000207,CUST000596,33097.96,Car,6.28,2021-08-04,2033-07-23
LN000208,CUST000088,1593.53,Education,9.64,2024-09-25,2032-03-30
LN000209,CUST000707,7378.37,Home,8.33,2020-02-26,2026-03-11
LN000210,CUST000390,36943.04,Education,5.39,2024-04-30,2032-10-28
LN000211,CUST000096,36064.96,Home,6.21,2021-03-10,2027-09-17
LN000212,CUST000646,44415.81,Home,4.65,2022-10-02,2031-02-18
LN000213,CUST000246,3029.77,Home,9.18,2022-05-20,2027-04-16
LN000214,CUST000547,42488.45,Car,6.93,2021-10-09,2033-07-22
LN000215,CUST000720,15184.26,Car,8.58,2021-03-02,2027-10-28
LN000216,CUST000817,18964.6,Home,7.84,2023-07-28,2031-05-04
LN000217,CUST000815,8449.09,Car,4.44,2023-03-14,2026-08-25
LN000218,CUST000543,23260.25,Education,7.12,2024-04-14,2032-07-24
LN000219,CUST000520,46760.28,Education,3.9,2023-03-06,2029-05-31
LN000220,CUST000383,32089.21,Car,5.79,2020-02-08,2027-05-31
LN000221,CUST000727,38871.81,Car,8.9,2023-11-28,2031-08-01
LN000222,CUST000791,24371.6,Car,9.81,2022-08-24,2027-05-10
LN000223,CUST000205,47887.22,Home,6.98,2020-02-13,2030-02-13
LN000224,CUST000679,13663.74,Car,4.18,2024-07-08,2029-08-02
LN000225,CUST000233,43099.98,Home,9.47,2024-07-06,2034-03-18
LN000226,CUST000086,27886.35,Home,5.29,2023-02-11,2034-07-31
LN000227,CUST000699,40168.8,Home,7.23,2024-11-30,2031-05-17
LN000228,CUST000497,41223.73,Car,5.89,2023-08-20,2030-04-04
LN000229,CUST000066,47934.96,Car,5.92,2022-11-17,2026-04-27
LN000230,CUST000777,11037.31,Education,9.2,2023-03-29,2031-12-27
LN000231,CUST000448,28393.02,Car,4.72,2020-10-11,2034-07-21
LN000232,CUST000425,38392.68,Education,5.17,2023-07-03,2029-02-16
LN000233,CUST000722,21054.07,Education,9.13,2022-08-06,2026-10-24
LN000234,CUST000963,9881.4,Car,8.88,2023-06-07,2031-07-29
LN000235,CUST000892,1161.34,Car,3.06,2020-03-25,2029-03-16
LN000236,CUST000766,38859.58,Car,9.11,2021-09-07,2034-01-09
LN000237,CUST000862,7461.79,Car,5.24,2023-10-02,2034-10-24
LN000238,CUST000834,37718.97,Car,4.27,2021-06-20,2031-11-20
LN000239,CUST000675,13528.3,Home,3.4,2023-08-09,2034-07-08
LN000240,CUST000230,33954.32,Education,8.77,2020-11-01,2030-11-13
LN000241,CUST000035,26360.45,Education,4.58,2024-04-21,2026-11-13
LN000242,CUST000988,34762.27,Education,6.59,2023-02-06,2033-02-12
LN000243,CUST000456,17207.72,Car,8.74,2023-02-01,2033-04-28
LN000244,CUST000456,33942.43,Home,5.08,2024-12-31,2034-07-26
LN000245,CUST000585,5704.56,Education,6.78,2020-12-22,2028-10-28
LN000246,CUST000255,7895.15,Home,6.04,2022-11-13,2033-05-15
LN000247,CUST000246,35007.24,Education,7.67,2024-12-10,2030-01-29
LN000248,CUST000447,44649.58,Education,8.7,2021-11-26,2032-04-18
LN000249,CUST000073,24198.0,Car,8.96,2023-06-09,2033-09-21
LN000250,CUST000222,46627.17,Education,5.64,2020-03-08,2029-02-20
LN000251,CUST000675,37074.37,Car,4.67,2022-05-22,2027-12-09
LN000252,CUST000299,20681.85,Car,4.1,2022-12-26,2026-11-08
LN000253,CUST000065,17069.22,Car,4.64,2023-06-06,2028-05-03
LN000254,CUST000612,12930.98,Education,3.06,2024-05-05,2035-02-12
LN000255,CUST000088,24487.91,Car,6.53,2020-03-29,2029-09-25
LN000256,CUST000215,11113.54,Car,7.19,2021-07-22,2027-12-23
LN000257,CUST000974,34082.5,Home,8.57,2025-01-07,2032-10-21
LN000258,CUST000035,30221.33,Home,6.51,2020-02-28,2034-07-14
LN000259,CUST000197,5497.75,Home,9.58,2021-12-08,2032-04-14
LN000260,CUST000330,3040.41,Car,6.31,2024-03-25,2027-12-29
LN000261,CUST000173,1768.48,Home,7.4,2022-07-07,2029-10-08
LN000262,CUST000254,28372.72,Home,5.65,2022-10-31,2033-08-11
LN000263,CUST000956,17517.69,Education,6.3,2022-10-10,2028-12-28
LN000264,CUST000900,42718.27,Home,6.6,2023-07-28,2027-01-20
LN000265,CUST000008,4494.88,Home,4.06,2020-10-15,2030-04-04
LN000266,CUST000969,34857.55,Home,9.98,2021-06-08,2034-11-01
LN000267,CUST000732,45323.75,Education,9.19,2023-07-24,2035-02-03
LN000268,CUST000352,49570.97,Home,7.79,2023-08-16,2033-04-21
LN000269,CUST000848,7323.67,Education,8.09,2024-01-17,2033-06-17
LN000270,CUST000766,24556.22,Education,6.57,2022-07-20,2033-01-27
LN000271,CUST000120,36634.85,Home,4.36,2023-05-13,2026-11-24
LN000272,CUST000963,5515.29,Car,3.98,2021-02-16,2032-12-19
LN000273,CUST000227,18462.28,Home,3.4,2024-02-14,2032-08-06
LN000274,CUST000093,39183.38,Car,6.03,2023-07-10,2034-12-05
LN000275,CUST000985,11721.72,Education,9.26,2020-10-19,2029-09-08
LN000276,CUST000447,40768.8,Car,3.12,2025-01-29,2029-11-01
LN000277,CUST000571,48093.57,Home,9.46,2021-09-19,2029-08-31
LN000278,CUST000386,36478.25,Car,6.01,2023-06-26,2026-12-17
LN000279,CUST000796,35757.33,Education,6.89,2021-01-06,2028-09-18
LN000280,CUST000971,35462.11,Car,7.95,2022-09-23,2027-03-15
LN000281,CUST000493,26328.87,Education,7.49,2023-12-24,2026-10-22
LN000282,CUST000942,24391.38,Education,7.42,2023-09-27,2030-01-25
LN000283,CUST000820,11247.73,Car,6.85,2022-05-30,2026-04-23
LN000284,CUST000149,6298.67,Car,5.85,2022-08-22,2029-04-02
LN000285,CUST000851,16627.04,Education,6.69,2022-06-26,2026-05-29
LN000286,CUST000661,48732.01,Education,9.6,2023-01-05,2031-01-20
LN000287,CUST000528,38325.82,Education,8.02,2022-08-04,2026-07-12
LN000288,CUST000336,18400.24,Home,8.22,2022-07-27,2032-05-31
LN000289,CUST000758,17950.64,Education,5.5,2024-04-20,2031-06-11
LN000290,CUST000014,19283.49,Car,9.7,2020-07-01,2033-10-24
LN000291,CUST000597,6784.03,Education,8.93,2023-02-04,2034-04-03
LN000292,CUST000539,30004.99,Education,6.99,2020-08-20,2034-06-19
LN000293,CUST000330,9880.47,Home,6.24,2021-01-02,2027-08-03
LN000294,CUST000196,3852.48,Home,6.3,2024-10-29,2030-01-18
LN000295,CUST000131,38874.29,Home,9.74,2022-09-20,2028-01-27
LN000296,CUST000627,49952.43,Education,7.53,2021-09-12,2028-01-24
LN000297,CUST000886,35199.3,Car,3.3,2020-12-06,2028-01-12
LN000298,CUST000466,28666.52,Home,3.04,2023-09-27,2028-03-24
LN000299,CUST000362,13494.17,Education,5.33,2023-12-03,2033-03-03
LN000300,CUST000828,16519.59,Education,7.49,2021-07-22,2026-11-10
LN000301,CUST000748,1711.66,Education,3.2,2024-03-13,2034-04-13
LN000302,CUST000912,33204.03,Home,8.48,2025-01-21,2027-04-23
LN000303,CUST000162,15694.39,Education,4.05,2020-04-02,2030-03-21
LN000304,CUST000787,6024.38,Education,6.86,2021-10-31,2027-09-13
LN000305,CUST000397,38177.58,Education,5.7,2023-07-01,2030-07-20
LN000306,CUST000593,49892.21,Car,9.8,2020-08-09,2035-01-13
LN000307,CUST000450,45462.25,Home,7.29,2021-09-22,2029-08-23
LN000308,CUST000367,30007.56,Car,6.82,2021-04-27,2028-04-27
LN000309,CUST000626,23906.15,Car,9.75,2020-03-09,2033-08-09
LN000310,CUST000323,16165.12,Car,5.26,2020-02-28,2027-04-26
LN000311,CUST000741,28798.42,Home,4.14,2021-09-20,2029-07-25
LN000312,CUST000651,31530.85,Education,7.55,2022-12-11,2032-01-27
LN000313,CUST000006,39016.32,Education,5.57,2022-11-01,2029-11-14
LN000314,CUST000539,14347.98,Home,7.93,2022-01-31,2031-01-01
LN000315,CUST000672,13770.52,Car,7.84,2021-06-04,2028-07-19
LN000316,CUST000612,8305.55,Home,7.19,2023-03-28,2032-08-07
LN000317,CUST000707,36945.56,Car,4.97,2024-08-26,2028-05-12
LN000318,CUST000302,29687.05,Car,6.17,2024-08-05,2027-03-06
LN000319,CUST000756,35643.1,Home,3.72,2021-11-11,2032-03-18
LN000320,CUST000670,47514.97,Car,9.61,2022-12-28,2033-02-21
LN000321,CUST000069,23221.16,Education,5.57,2023-09-11,2032-12-30
LN000322,CUST000603,20965.99,Education,6.03,2020-01-09,2028-12-20
LN000323,CUST000165,3803.74,Education,8.49,2020-11-26,2034-09-13
LN000324,CUST000538,44419.18,Car,3.21,2020-09-06,2030-02-10
LN000325,CUST000278,42447.56,Education,7.55,2020-05-20,2030-08-28
LN000326,CUST000514,15737.78,Education,4.99,2021-04-30,2030-06-12
LN000327,CUST000596,30540.17,Car,5.79,2022-02-20,2031-02-21
LN000328,CUST000659,36801.08,Home,4.51,2021-11-18,2029-06-11
LN000329,CUST000666,24146.89,Home,7.05,2020-01-08,2031-03-07
LN000330,CUST000157,47869.91,Car,9.85,2023-06-15,2030-10-27
LN000331,CUST000635,17414.39,Home,3.77,2023-01-07,2033-11-03
LN000332,CUST000418,29018.27,Car,3.83,2023-06-12,2033-07-18
LN000333,CUST000624,3290.85,Education,4.81,2025-02-05,2032-07-20
LN000334,CUST000126,7965.64,Car,8.42,2022-09-25,2028-03-11
LN000335,CUST000110,16044.16,Home,3.07,2022-08-07,2031-06-03
LN000336,CUST000340,37402.69,Education,5.33,2020-01-20,2029-06-25
LN000337,CUST000257,39138.49,Car,8.38,2020-09-02,2032-07-15
LN000338,CUST000421,26415.49,Home,5.3,2021-05-10,2026-08-25
LN000339,CUST000990,23383.61,Car,5.63,2022-01-08,2030-05-10
LN000340,CUST000058,40399.82,Car,4.73,2024-09-18,2027-06-03
LN000341,CUST000183,40778.65,Car,5.54,2024-06-02,2034-12-20
LN000342,CUST000848,42690.09,Car,4.16,2024-08-18,2028-05-11
LN000343,CUST000275,8947.07,Home,3.76,2020-06-21,2034-04-08
LN000344,CUST000432,37332.4,Home,3.05,2023-11-04,2032-08-31
LN000345,CUST000404,45850.53,Home,9.32,2024-03-13,2034-10-08
LN000346,CUST000736,6625.45,Car,4.2,2024-12-10,2030-12-07
LN000347,CUST000445,9148.93,Home,5.98,2020-08-13,2032-01-04
LN000348,CUST000879,3819.01,Home,5.89,2021-05-05,2030-07-16
LN000349,CUST000093,9036.17,Education,4.89,2020-10-22,2034-08-19
LN000350,CUST000436,42347.74,Car,3.54,2024-12-07,2028-07-08
LN000351,CUST000194,20997.76,Car,3.13,2020-03-03,2034-07-17
LN000352,CUST000709,31010.42,Home,8.55,2024-01-30,2030-03-31
LN000353,CUST000198,35575.28,Car,5.59,2021-05-22,2027-08-03
LN000354,CUST000974,12756.75,Education,6.41,2023-12-16,2034-12-02
LN000355,CUST000580,16078.69,Education,5.01,2020-09-24,2027-06-26
LN000356,CUST000252,4127.06,Education,4.97,2023-06-05,2031-08-27
LN000357,CUST000915,31793.56,Car,5.82,2025-02-24,2031-09-22
LN000358,CUST000286,37693.3,Car,8.82,2023-03-19,2030-08-10
LN000359,CUST000872,15304.63,Car,8.68,2024-04-13,2028-04-16
LN000360,CUST000337,29568.58,Home,3.3,2023-01-16,2032-12-23
LN000361,CUST000271,6573.69,Car,6.09,2022-11-20,2034-01-04
LN000362,CUST000266,48814.22,Education,4.12,2024-02-07,2026-10-31
LN000363,CUST000649,31363.37,Home,7.32,2022-09-17,2030-05-06
LN000364,CUST000842,9935.38,Home,5.63,2024-03-20,2028-12-20
LN000365,CUST000129,15349.6,Home,3.92,2021-12-02,2027-01-11
LN000366,CUST000104,14027.1,Car,6.18,2024-06-12,2035-02-17
LN000367,CUST000588,3660.11,Car,8.66,2020-04-21,2029-12-17
LN000368,CUST000884,9115.69,Education,8.11,2022-03-15,2027-01-24
LN000369,CUST000511,14210.39,Home,5.72,2022-05-22,2027-07-18
LN000370,CUST000860,34977.86,Education,7.28,2021-10-11,2030-06-25
LN000371,CUST000303,45904.99,Education,9.98,2022-02-27,2029-09-08
LN000372,CUST000247,40471.19,Home,8.49,2021-08-13,2030-09-01
LN000373,CUST000164,35650.04,Home,3.79,2023-12-17,2035-01-07
LN000374,CUST000379,11076.7,Education,7.64,2024-10-08,2030-03-30
LN000375,CUST000944,20052.39,Education,5.2,2023-09-23,2028-01-09
LN000376,CUST000152,31826.89,Car,5.16,2023-12-28,2027-05-03
LN000377,CUST000750,19393.47,Car,7.46,2021-05-19,2028-06-18
LN000378,CUST000942,17551.21,Car,4.67,2020-04-26,2031-11-04
LN000379,CUST000567,26382.13,Home,5.65,2023-12-02,2028-07-18
LN000380,CUST000874,25463.05,Education,4.06,2022-04-02,2030-03-20
LN000381,CUST000557,33401.2,Education,9.96,2025-01-07,2031-09-09
LN000382,CUST000959,19148.29,Education,4.73,2021-10-09,2030-10-28
LN000383,CUST000172,21996.44,Education,6.12,2023-04-14,2033-12-14
LN000384,CUST000974,3200.81,Home,9.04,2022-07-29,2031-08-02
LN000385,CUST000846,40740.85,Education,8.74,2024-06-26,2029-10-23
LN000386,CUST000324,36823.01,Education,8.77,2024-02-21,2034-04-02
LN000387,CUST000591,20695.25,Car,6.38,2021-06-30,2031-04-16
LN000388,CUST000072,38340.09,Car,8.44,2024-05-22,2028-03-26
LN000389,CUST000557,11063.07,Education,5.25,2023-06-10,2029-09-19
LN000390,CUST000327,17986.24,Home,4.21,2022-09-27,2031-10-25
LN000391,CUST000934,33123.14,Home,7.38,2024-10-07,2032-09-22
LN000392,CUST000751,19724.85,Home,5.46,2023-05-01,2031-09-30
LN000393,CUST000674,4569.54,Car,4.6,2021-04-26,2034-11-30
LN000394,CUST000043,8917.36,Car,7.0,2022-07-05,2032-09-06
LN000395,CUST000566,34520.61,Car,9.02,2021-03-14,2031-04-02
LN000396,CUST000171,32565.42,Home,3.92,2021-03-06,2026-07-03
LN000397,CUST000251,32924.55,Education,6.69,2020-11-15,2034-03-07
LN000398,CUST000148,44052.39,Home,9.53,2023-12-26,2029-10-21
LN000399,CUST000488,19539.73,Home,6.57,2022-03-28,2033-01-13
LN000400,CUST000541,28799.76,Car,3.97,2023-04-05,2034-07-27
LN000401,CUST000645,26937.01,Education,6.89,2024-06-07,2033-11-18
LN000402,CUST000721,2889.49,Education,3.63,2020-05-07,2030-01-17
LN000403,CUST000839,4863.09,Education,6.67,2024-04-20,2031-10-06
LN000404,CUST000077,11235.94,Home,5.86,2020-06-11,2028-04-30
LN000405,CUST000342,24902.01,Home,9.84,2023-04-17,2034-04-29
LN000406,CUST000370,39300.52,Car,3.04,2021-03-16,2028-02-10
LN000407,CUST000208,30050.49,Car,9.05,2022-03-10,2033-08-07
LN000408,CUST000705,11615.25,Home,8.8,2023-04-21,2031-01-29
LN000409,CUST000206,25975.38,Home,5.16,2023-02-11,2030-03-21
LN000410,CUST000674,37179.78,Home,5.52,2021-11-09,2026-11-08
LN000411,CUST000520,5880.56,Home,9.78,2023-06-17,2026-09-27
LN000412,CUST000659,19052.11,Home,9.03,2020-05-22,2032-05-12
LN000413,CUST000344,9483.42,Education,9.65,2021-06-21,2027-10-07
LN000414,CUST000735,39052.89,Car,4.99,2024-04-08,2033-11-26
LN000415,CUST000947,45560.28,Education,5.18,2024-12-03,2031-04-04
LN000416,CUST000423,49647.41,Home,4.35,2023-06-16,2031-03-02
LN000417,CUST000552,28530.88,Education,6.8,2024-12-09,2028-01-29
LN000418,CUST000316,45236.05,Home,8.98,2025-01-02,2031-02-22
LN000419,CUST000118,39832.23,Car,5.09,2024-10-02,2027-03-25
LN000420,CUST000357,4551.37,Education,9.86,2023-03-09,2029-09-21
LN000421,CUST000290,15461.56,Car,6.56,2022-12-25,2029-02-03
LN000422,CUST000022,24483.41,Home,5.41,2020-07-11,2027-05-16
LN000423,CUST000839,20934.47,Car,5.31,2023-03-20,2031-03-09
LN000424,CUST000567,8165.54,Education,4.47,2024-05-06,2031-11-08
LN000425,CUST000044,42102.72,Education,6.75,2023-09-03,2033-01-18
LN000426,CUST000366,4631.7,Education,5.95,2023-05-29,2030-05-16
LN000427,CUST000363,3528.29,Education,5.53,2020-06-11,2026-12-24
LN000428,CUST000885,27209.67,Education,4.77,2021-05-28,2029-10-24
LN000429,CUST000642,21306.92,Education,6.98,2020-01-20,2026-11-29
LN000430,CUST000818,44926.89,Home,3.8,2020-09-16,2026-03-08
LN000431,CUST000429,48966.3,Education,7.16,2021-03-03,2030-11-07
LN000432,CUST000642,22760.97,Car,5.86,2023-11-07,2028-03-18
LN000433,CUST000526,6894.01,Education,9.01,2020-06-17,2028-12-12
LN000434,CUST000417,17650.55,Education,7.25,2024-06-25,2031-02-01
LN000435,CUST000098,30699.84,Home,8.94,2021-01-31,2030-03-21
LN000436,CUST000725,10205.62,Car,4.72,2024-01-12,2034-01-11
LN000437,CUST000564,21397.79,Home,8.78,2024-07-19,2030-02-02
LN000438,CUST000374,10553.97,Home,7.47,2022-05-26,2031-11-05
LN000439,CUST000923,29438.43,Home,5.75,2020-02-11,2030-02-15
LN000440,CUST000069,10791.69,Car,5.03,2020-11-03,2032-03-05
LN000441,CUST000283,26554.88,Car,4.83,2021-10-23,2027-09-17
LN000442,CUST000217,19516.22,Car,4.99,2020-01-29,2026-06-12
LN000443,CUST000214,28640.27,Car,8.83,2021-02-11,2027-02-11
LN000444,CUST000511,30743.96,Home,9.05,2022-11-18,2029-01-12
LN000445,CUST000586,9251.85,Car,9.17,2021-03-24,2032-12-13
LN000446,CUST000588,45411.16,Home,6.35,2022-05-10,2034-06-23
LN000447,CUST000735,40697.2,Education,9.02,2024-11-02,2034-07-24
LN000448,CUST000688,16657.43,Home,6.01,2022-02-26,2034-01-19
LN000449,CUST000847,34059.22,Home,3.77,2023-04-11,2027-06-08
LN000450,CUST000153,24772.95,Car,7.25,2020-10-29,2028-05-03
LN000451,CUST000038,37269.74,Home,6.45,2023-04-11,2031-10-31
LN000452,CUST000598,33387.52,Home,6.53,2020-10-27,2031-01-05
LN000453,CUST000792,35921.3,Home,8.21,2024-01-14,2031-11-23
LN000454,CUST000115,7480.14,Car,5.57,2025-01-17,2029-10-06
LN000455,CUST000847,25481.46,Car,7.54,2022-01-14,2033-08-14
LN000456,CUST000494,34220.4,Education,8.37,2023-04-11,2030-07-04
LN000457,CUST000782,29379.48,Home,5.08,2023-07-16,2031-02-20
LN000458,CUST000760,23715.34,Home,9.84,2023-06-02,2032-04-30
LN000459,CUST000984,39345.72,Education,9.81,2020-05-30,2027-11-06
LN000460,CUST000703,18148.11,Car,4.24,2021-05-17,2030-07-23
LN000461,CUST000250,17096.2,Education,5.11,2022-07-22,2032-06-06
LN000462,CUST000205,16805.68,Car,9.38,2024-09-10,2032-10-24
LN000463,CUST000475,20993.38,Car,8.95,2024-11-23,2029-11-06
LN000464,CUST000066,2992.49,Home,4.87,2024-02-14,2030-09-29
LN000465,CUST000086,18144.12,Car,7.18,2023-01-05,2030-10-05
LN000466,CUST000746,49461.5,Car,3.52,2020-08-16,2026-07-20
LN000467,CUST000834,40192.82,Car,6.54,2021-08-31,2034-02-28
LN000468,CUST000743,12731.13,Home,6.05,2021-10-30,2027-01-26
LN000469,CUST000541,4973.22,Car,5.06,2024-09-19,2028-03-06
LN000470,CUST000816,27968.4,Car,8.9,2020-09-19,2029-08-28
LN000471,CUST000337,11252.68,Education,6.52,2021-01-14,2029-06-30
LN000472,CUST000804,35931.82,Car,9.85,2021-12-02,2027-02-05
LN000473,CUST000918,29491.96,Education,4.16,2025-01-12,2029-12-05
LN000474,CUST000708,30674.94,Education,8.49,2023-10-18,2033-10-18
LN000475,CUST000620,44664.62,Car,6.98,2024-01-01,2026-08-20
LN000476,CUST000519,13312.61,Car,4.69,2021-06-29,2031-08-31
LN000477,CUST000380,27155.59,Home,8.34,2024-10-13,2033-10-22
LN000478,CUST000572,49130.11,Education,5.89,2020-12-21,2033-09-06
LN000479,CUST000123,32592.01,Home,9.08,2022-03-30,2030-09-11
LN000480,CUST000601,3228.54,Car,9.2,2022-09-10,2034-02-14
LN000481,CUST000553,46873.64,Education,3.69,2024-11-10,2033-01-07
LN000482,CUST000927,45231.08,Car,6.63,2023-03-26,2034-12-22
LN000483,CUST000594,32420.96,Home,4.42,2022-07-30,2033-11-03
LN000484,CUST000472,46384.61,Car,6.73,2023-05-26,2029-03-06
LN000485,CUST000559,45252.31,Car,3.55,2023-07-16,2027-11-18
LN000486,CUST000115,3362.5,Home,7.47,2024-09-10,2033-12-27
LN000487,CUST000493,36145.1,Education,6.81,2024-12-22,2030-02-21
LN000488,CUST000977,35863.72,Car,4.92,2022-03-28,2030-06-30
LN000489,CUST000093,37252.62,Education,4.94,2024-09-29,2029-08-28
LN000490,CUST000337,19088.53,Education,7.03,2020-11-06,2029-04-03
LN000491,CUST000049,42709.46,Car,8.5,2020-08-16,2032-01-09
LN000492,CUST000603,14425.74,Car,3.57,2024-11-29,2030-05-04
LN000493,CUST000500,2149.38,Education,8.87,2021-06-22,2028-09-06
LN000494,CUST000753,25794.81,Education,7.96,2020-04-27,2033-02-06
LN000495,CUST000340,45567.79,Car,5.6,2020-11-07,2027-04-29
LN000496,CUST000037,20401.3,Education,5.53,2023-08-02,2032-01-26
LN000497,CUST000513,1794.99,Car,5.79,2024-07-19,2029-07-08
LN000498,CUST000740,33168.07,Home,5.36,2022-12-19,2035-01-08
LN000499,CUST000321,5175.86,Home,5.01,2022-09-23,2032-01-04
LN000500,CUST000633,16264.51,Home,7.96,2023-03-12,2032-03-21
LN000501,CUST000165,26484.15,Home,3.28,2024-08-25,2029-06-01
LN000502,CUST000523,29107.97,Education,4.16,2022-10-26,2031-03-24
LN000503,CUST000245,41855.79,Education,4.07,2023-05-26,2030-12-16
LN000504,CUST000135,12240.3,Home,9.57,2021-10-29,2026-04-02
LN000505,CUST000877,21113.07,Education,3.68,2022-05-19,2028-09-21
LN000506,CUST000698,30482.34,Home,8.5,2024-05-01,2030-05-06
LN000507,CUST000265,38817.2,Car,7.36,2024-05-16,2027-05-24
LN000508,CUST000501,32863.16,Education,7.26,2024-10-12,2029-01-25
LN000509,CUST000338,15868.56,Education,6.81,2024-11-14,2035-01-29
LN000510,CUST000881,11373.58,Home,9.12,2021-03-27,2030-04-17
LN000511,CUST000328,5757.5,Home,5.32,2021-07-13,2030-03-03
LN000512,CUST000964,33890.36,Education,7.46,2024-08-20,2028-01-14
LN000513,CUST000785,27214.71,Home,4.57,2020-09-05,2032-01-24
LN000514,CUST000871,33298.63,Car,7.95,2021-01-06,2031-12-01
LN000515,CUST000822,9239.55,Car,6.71,2021-09-11,2034-09-15
LN000516,CUST000684,38529.47,Education,9.17,2023-12-03,2030-01-29
LN000517,CUST000075,3500.64,Home,7.17,2023-12-28,2030-05-16
LN000518,CUST000304,10325.5,Home,8.45,2020-02-02,2031-09-07
LN000519,CUST000791,10074.35,Car,3.64,2021-10-09,2033-10-10
LN000520,CUST000766,32725.27,Education,3.55,2024-06-13,2032-11-10
LN000521,CUST000731,22717.84,Car,8.98,2022-03-18,2034-03-07
LN000522,CUST000483,49121.4,Education,9.66,2024-04-01,2026-06-16
LN000523,CUST000069,34677.63,Car,6.25,2022-03-29,2026-06-26
LN000524,CUST000160,37873.64,Home,5.25,2021-11-23,2032-12-29
LN000525,CUST000983,42460.51,Education,4.02,2024-05-09,2032-09-09
LN000526,CUST000823,4215.55,Education,7.27,2021-08-14,2032-02-05
LN000527,CUST000384,30789.51,Education,7.06,2023-04-25,2034-04-06
LN000528,CUST000430,33497.52,Home,5.86,2021-05-12,2027-12-16
LN000529,CUST000559,6225.87,Home,7.54,2024-09-10,2027-07-02
LN000530,CUST000524,42402.98,Home,4.67,2022-01-13,2034-12-06
LN000531,CUST000244,7353.83,Home,7.06,2023-07-02,2031-12-22
LN000532,CUST000839,25807.44,Car,5.75,2024-06-21,2030-05-11
LN000533,CUST000048,25158.77,Education,6.16,2022-02-20,2029-11-05
LN000534,CUST000127,31221.49,Education,7.51,2020-02-04,2026-09-06
LN000535,CUST000450,11164.61,Car,3.71,2024-04-27,2029-03-02
LN000536,CUST000178,13187.59,Home,4.15,2023-07-17,2034-04-30
LN000537,CUST000463,47019.53,Home,6.11,2023-04-10,2030-05-20
LN000538,CUST000651,36096.92,Home,9.92,2021-02-23,2026-12-12
LN000539,CUST000225,28123.53,Home,7.96,2024-06-24,2030-06-04
LN000540,CUST000361,34927.23,Education,6.69,2021-09-25,2029-11-25
LN000541,CUST000926,44788.88,Education,3.95,2023-12-10,2029-12-08
LN000542,CUST000232,49606.68,Home,8.73,2020-06-06,2035-02-06
LN000543,CUST000669,21440.92,Education,7.37,2024-09-18,2026-08-12
LN000544,CUST000126,28695.11,Car,3.8,2022-10-05,2031-07-19
LN000545,CUST000278,31773.22,Education,8.29,2021-11-16,2032-11-17
LN000546,CUST000058,23840.3,Education,5.66,2021-11-04,2031-05-20
LN000547,CUST000481,19709.1,Education,3.65,2021-08-04,2029-06-04
LN000548,CUST000285,5365.69,Education,5.85,2024-12-27,2026-10-01
LN000549,CUST000585,30783.86,Home,9.62,2020-12-10,2032-06-14
LN000550,CUST000821,8327.92,Home,8.41,2023-03-28,2030-12-23
LN000551,CUST000211,14109.54,Car,9.59,2023-03-12,2026-03-06
LN000552,CUST000440,47152.86,Education,7.41,2024-11-07,2035-02-06
LN000553,CUST000163,23620.0,Education,4.09,2020-03-24,2035-01-22
LN000554,CUST000722,49975.8,Car,3.1,2020-01-14,2028-02-14
LN000555,CUST000889,38422.63,Education,4.46,2020-01-19,2032-04-01
LN000556,CUST000813,37499.13,Education,3.61,2022-10-12,2033-09-30
LN000557,CUST000470,37905.18,Education,8.53,2023-01-12,2031-12-27
LN000558,CUST000341,40657.49,Home,6.76,2021-01-25,2035-01-28
LN000559,CUST000195,19795.19,Home,6.45,2021-07-19,2033-11-03
LN000560,CUST000162,3325.86,Education,8.74,2022-07-04,2031-07-21
LN000561,CUST000415,17908.06,Home,4.13,2020-08-03,2027-01-11
LN000562,CUST000945,23892.74,Home,6.19,2022-10-05,2031-03-30
LN000563,CUST000019,22532.32,Car,8.73,2020-06-03,2027-08-20
LN000564,CUST000368,1856.61,Home,5.51,2024-04-14,2029-01-07
LN000565,CUST000030,5898.58,Car,4.9,2022-08-20,2035-01-03
LN000566,CUST000604,17721.73,Education,7.87,2020-09-03,2026-12-28
LN000567,CUST000733,29614.7,Home,8.43,2024-06-09,2033-11-18
LN000568,CUST000907,43757.86,Home,6.83,2021-04-20,2034-12-16
LN000569,CUST000256,37665.25,Home,8.85,2020-01-19,2026-05-21
LN000570,CUST000183,46381.01,Home,8.19,2021-05-22,2034-10-31
LN000571,CUST000176,28250.42,Car,7.78,2020-02-20,2029-10-16
LN000572,CUST000983,29136.54,Education,9.26,2020-07-07,2033-05-28
LN000573,CUST000245,23983.0,Home,7.79,2022-01-13,2033-04-11
LN000574,CUST000531,26758.72,Car,7.02,2021-08-22,2027-07-19
LN000575,CUST000465,10369.73,Car,9.78,2023-01-22,2035-01-26
LN000576,CUST000917,33388.62,Education,5.79,2022-07-18,2031-02-13
LN000577,CUST000043,33712.14,Car,8.39,2023-09-24,2028-05-20
LN000578,CUST000524,6604.71,Home,8.95,2020-09-29,2028-12-30
LN000579,CUST000435,47548.27,Car,9.65,2022-11-28,2029-05-30
LN000580,CUST000037,16725.86,Education,7.85,2020-02-06,2029-08-08
LN000581,CUST000883,8798.36,Education,3.14,2020-08-04,2031-08-20
LN000582,CUST000070,25728.78,Home,8.6,2024-10-08,2031-07-15
LN000583,CUST000508,33528.71,Education,6.71,2020-11-08,2029-02-05
LN000584,CUST000236,20065.24,Car,5.22,2023-12-01,2029-01-31
LN000585,CUST000317,33597.82,Education,5.07,2022-02-16,2027-08-14
LN000586,CUST000828,14271.12,Education,5.01,2021-11-09,2033-12-04
LN000587,CUST000381,10217.28,Car,5.63,2023-01-30,2028-05-01
LN000588,CUST000302,45245.81,Car,9.46,2023-10-07,2030-01-20
LN000589,CUST000985,43677.92,Car,3.79,2021-07-14,2029-09-07
LN000590,CUST000600,26857.61,Home,7.76,2022-04-13,2028-12-22
LN000591,CUST000951,28270.01,Car,6.43,2022-01-09,2029-09-13
LN000592,CUST000704,22164.41,Car,5.4,2022-12-03,2027-12-28
LN000593,CUST000200,42018.1,Home,4.9,2022-09-22,2027-09-10
LN000594,CUST000731,37011.22,Education,5.14,2022-05-05,2031-02-01
LN000595,CUST000708,15396.8,Car,3.58,2022-11-11,2031-07-14
LN000596,CUST000051,19323.62,Car,8.0,2021-08-31,2026-08-29
LN000597,CUST000230,35097.34,Home,4.96,2020-08-24,2032-12-17
LN000598,CUST000783,36940.8,Education,3.36,2023-03-22,2033-06-01
LN000599,CUST000102,43826.29,Car,8.26,2022-10-25,2032-10-06
LN000600,CUST000794,32902.19,Education,4.97,2020-07-22,2032-09-05
LN000601,CUST000861,21672.52,Car,9.08,2022-03-27,2028-01-17
LN000602,CUST000597,36587.44,Car,6.05,2023-05-21,2026-12-23
LN000603,CUST000493,47965.08,Car,5.4,2020-03-25,2028-08-20
LN000604,CUST000147,47768.15,Education,3.29,2023-04-22,2029-02-08
LN000605,CUST000500,39391.89,Car,5.72,2025-01-19,2029-10-25
LN000606,CUST000250,20931.94,Car,5.98,2024-07-03,2035-03-01
LN000607,CUST000722,44533.49,Home,9.06,2024-03-14,2033-12-19
LN000608,CUST000199,40236.88,Car,3.31,2021-08-03,2028-11-16
LN000609,CUST000303,9905.28,Car,8.02,2020-05-02,2031-03-28
LN000610,CUST000255,18623.24,Car,3.39,2022-03-21,2029-07-19
LN000611,CUST000535,14323.76,Home,4.86,2021-12-15,2031-01-11
LN000612,CUST000143,25451.19,Car,4.89,2023-10-30,2034-10-16
LN000613,CUST000635,33135.67,Car,3.44,2022-01-17,2034-06-08
LN000614,CUST000144,45439.93,Car,7.94,2023-05-12,2027-08-12
LN000615,CUST000626,49901.42,Education,7.9,2023-06-22,2031-08-26
LN000616,CUST000351,37467.1,Car,8.95,2023-10-08,2031-10-25
LN000617,CUST000538,34212.32,Education,8.3,2021-11-20,2033-05-03
LN000618,CUST000537,44117.63,Education,3.34,2023-12-03,2032-05-01
LN000619,CUST000039,17397.04,Education,4.52,2024-10-26,2031-08-18
LN000620,CUST000907,8280.22,Home,7.97,2024-03-17,2031-09-26
LN000621,CUST000765,39154.38,Home,4.3,2023-03-19,2033-10-02
LN000622,CUST000897,46995.55,Education,6.77,2023-05-30,2027-05-14
LN000623,CUST000505,16170.26,Education,6.51,2022-07-10,2028-11-20
LN000624,CUST000990,25955.55,Car,5.19,2020-05-24,2028-08-15
LN000625,CUST000765,36430.79,Home,6.39,2021-04-07,2026-11-05
LN000626,CUST000679,3442.14,Home,9.93,2021-10-28,2029-07-06
LN000627,CUST000312,12272.12,Car,7.5,2020-10-14,2031-12-02
LN000628,CUST000395,47379.66,Home,8.3,2021-07-22,2034-05-20
LN000629,CUST000359,26496.06,Car,6.12,2022-12-28,2026-07-11
LN000630,CUST000253,6032.19,Home,3.65,2022-07-24,2028-09-01
LN000631,CUST000410,46558.98,Education,4.62,2024-08-16,2033-01-17
LN000632,CUST000205,47457.47,Car,5.97,2023-09-28,2033-01-02
LN000633,CUST000890,22919.83,Car,4.25,2023-11-12,2026-10-01
LN000634,CUST000420,28012.18,Car,9.22,2020-02-29,2027-11-09
LN000635,CUST000835,1986.97,Car,5.96,2025-02-21,2034-09-02
LN000636,CUST000837,13287.94,Home,8.47,2024-08-18,2034-04-07
LN000637,CUST000668,36350.97,Home,5.37,2024-10-01,2034-01-29
LN000638,CUST000547,16044.7,Home,8.44,2023-12-17,2027-10-11
LN000639,CUST000863,46552.62,Education,8.33,2024-03-13,2032-07-16
LN000640,CUST000847,48624.56,Home,3.09,2024-07-05,2030-06-08
LN000641,CUST000691,35859.49,Education,9.89,2023-06-18,2026-07-27
LN000642,CUST000107,33993.85,Home,5.92,2022-08-07,2029-06-27
LN000643,CUST000200,13309.01,Home,8.25,2021-02-10,2026-07-02
LN000644,CUST000026,25430.32,Home,6.15,2022-02-01,2030-11-06
LN000645,CUST000679,38461.23,Education,5.32,2023-01-13,2033-03-11
LN000646,CUST000624,10396.15,Home,7.19,2022-04-13,2026-06-26
LN000647,CUST000894,25302.45,Car,5.49,2023-11-30,2027-08-07
LN000648,CUST000433,37235.22,Home,8.87,2020-07-23,2031-10-07
LN000649,CUST000183,19132.11,Home,4.95,2021-04-14,2027-02-14
LN000650,CUST000392,17435.11,Education,8.34,2020-12-29,2034-09-06
LN000651,CUST000421,44846.9,Home,5.15,2021-01-12,2031-04-26
LN000652,CUST000619,6338.32,Car,7.03,2021-05-26,2027-12-15
LN000653,CUST000965,1710.45,Education,7.26,2021-03-28,2029-03-22
LN000654,CUST000648,25553.34,Home,9.48,2022-01-06,2028-12-19
LN000655,CUST000270,14715.27,Car,9.17,2021-06-06,2026-12-12
LN000656,CUST000398,8361.13,Education,9.6,2024-11-18,2034-03-26
LN000657,CUST000793,30760.51,Education,8.44,2020-02-03,2033-11-13
LN000658,CUST000108,42897.6,Education,4.53,2023-11-19,2031-03-14
LN000659,CUST000182,7254.87,Car,5.22,2022-06-21,2031-11-19
LN000660,CUST000221,17277.98,Education,9.35,2023-11-15,2028-04-18
LN000661,CUST000962,28660.48,Car,9.46,2024-01-28,2034-01-06
LN000662,CUST000114,48902.8,Education,3.4,2022-03-09,2030-07-05
LN000663,CUST000824,11385.32,Education,3.12,2021-09-03,2034-04-04
LN000664,CUST000122,41861.42,Home,5.62,2024-07-12,2028-01-04
LN000665,CUST000967,13015.33,Home,8.05,2020-12-23,2029-10-01
LN000666,CUST000649,10801.41,Education,3.29,2022-03-30,2030-04-09
LN000667,CUST000770,31591.04,Home,8.75,2022-04-13,2026-04-30
LN000668,CUST000093,13407.89,Education,5.82,2020-04-16,2027-07-03
LN000669,CUST000975,36076.26,Home,5.3,2022-12-26,2029-07-14
LN000670,CUST000840,3031.83,Car,9.57,2020-04-19,2035-02-27
LN000671,CUST000072,1336.61,Car,4.85,2024-08-19,2032-09-03
LN000672,CUST000129,40729.11,Home,4.2,2020-08-03,2031-08-10
LN000673,CUST000170,20549.71,Car,7.1,2021-07-07,2030-08-06
LN000674,CUST000917,38867.7,Education,5.04,2024-10-14,2030-12-05
LN000675,CUST000903,42534.46,Education,5.29,2024-12-16,2030-01-28
LN000676,CUST000082,37242.79,Education,4.69,2024-08-14,2029-09-06
LN000677,CUST000164,9167.8,Car,8.92,2024-08-31,2026-06-23
LN000678,CUST000052,30635.68,Home,9.82,2024-02-02,2027-12-08
LN000679,CUST000585,44857.96,Home,3.44,2022-07-07,2031-03-07
LN000680,CUST000347,40812.04,Education,7.75,2022-11-09,2032-02-21
LN000681,CUST000094,14499.11,Home,4.68,2022-05-05,2031-12-09
LN000682,CUST000570,47184.44,Home,8.83,2023-11-08,2030-04-29
LN000683,CUST000261,5232.03,Education,4.68,2021-03-15,2031-05-26
LN000684,CUST000964,3082.55,Home,9.72,2021-09-08,2034-04-18
LN000685,CUST000018,21648.38,Car,9.86,2024-04-17,2034-04-21
LN000686,CUST000906,7444.72,Education,3.36,2021-08-24,2032-10-12
LN000687,CUST000403,13337.33,Car,4.81,2021-09-18,2029-10-24
LN000688,CUST000172,10646.12,Home,7.14,2022-05-31,2033-08-28
LN000689,CUST000190,15011.87,Car,7.71,2021-06-16,2031-01-22
LN000690,CUST000212,3043.92,Car,8.52,2020-04-01,2028-10-02
LN000691,CUST000530,43998.93,Home,3.96,2021-04-05,2034-02-25
LN000692,CUST000696,24003.64,Home,4.51,2025-02-01,2031-08-08
LN000693,CUST000336,33761.39,Education,3.75,2023-06-29,2032-02-17
LN000694,CUST000339,35115.81,Home,9.04,2022-07-18,2031-08-20
LN000695,CUST000413,23388.71,Car,6.97,2020-08-24,2029-06-07
LN000696,CUST000943,19151.75,Home,5.39,2021-09-24,2031-03-02
LN000697,CUST000063,4083.83,Car,3.59,2021-06-28,2028-03-02
LN000698,CUST000678,23567.17,Home,3.48,2025-01-30,2028-08-16
LN000699,CUST000109,17697.89,Home,9.28,2023-03-17,2033-06-10
LN000700,CUST000111,31846.84,Education,4.31,2020-08-08,2032-04-19
LN000701,CUST000452,15964.7,Education,8.98,2021-03-29,2031-07-22
LN000702,CUST000639,38560.27,Education,3.41,2025-01-16,2031-06-16
LN000703,CUST000675,41166.73,Car,3.36,2023-11-19,2028-04-02
LN000704,CUST000151,23489.08,Car,5.96,2024-05-05,2032-12-11
LN000705,CUST000367,13245.06,Car,8.86,2021-10-09,2033-05-10
LN000706,CUST000746,24041.06,Home,9.3,2022-09-10,2034-12-25
LN000707,CUST000868,48105.36,Education,3.22,2021-12-24,2032-11-16
LN000708,CUST000210,44295.19,Home,8.06,2020-03-17,2030-11-16
LN000709,CUST000279,25640.47,Education,5.69,2023-06-16,2029-06-08
LN000710,CUST000394,30309.16,Home,3.62,2024-09-07,2033-10-15
LN000711,CUST000828,16467.57,Education,7.22,2022-11-04,2032-02-12
LN000712,CUST000754,29334.04,Education,6.74,2023-10-23,2034-10-04
LN000713,CUST000378,29130.28,Home,3.22,2022-12-09,2027-08-08
LN000714,CUST000006,36421.4,Education,6.69,2023-08-21,2034-07-19
LN000715,CUST000718,3558.42,Home,8.88,2023-07-25,2027-07-15
LN000716,CUST000474,46796.45,Car,6.15,2023-03-11,2034-10-09
LN000717,CUST000389,45951.59,Education,9.88,2024-02-13,2034-12-24
LN000718,CUST000193,28269.39,Home,9.3,2023-06-02,2029-12-08
LN000719,CUST000112,41051.72,Education,8.8,2024-09-22,2031-12-16
LN000720,CUST000876,31913.23,Home,6.7,2023-06-05,2034-07-30
LN000721,CUST000524,7483.11,Education,6.75,2023-05-30,2032-08-29
LN000722,CUST000041,34389.5,Home,6.79,2023-01-15,2033-11-06
LN000723,CUST000810,48145.52,Car,9.19,2023-05-14,2032-05-09
LN000724,CUST000454,2331.42,Education,3.32,2021-02-05,2029-02-11
LN000725,CUST000483,39353.94,Car,3.18,2023-10-02,2028-11-09
LN000726,CUST000261,23422.71,Car,9.46,2024-03-29,2026-08-29
LN000727,CUST000824,18039.98,Education,6.86,2023-03-15,2034-07-18
LN000728,CUST000518,38316.15,Education,5.38,2022-11-28,2035-01-25
LN000729,CUST000787,43562.6,Home,9.16,2021-11-13,2026-06-14
LN000730,CUST000477,39307.47,Education,5.11,2023-03-09,2027-03-15
LN000731,CUST000919,49678.91,Car,3.78,2021-04-23,2034-08-25
LN000732,CUST000714,9017.66,Car,3.72,2022-02-21,2029-07-22
LN000733,CUST000951,29794.38,Education,4.77,2024-09-29,2033-06-28
LN000734,CUST000380,46392.46,Home,5.9,2024-12-07,2029-08-16
LN000735,CUST000372,31073.72,Car,5.12,2023-03-02,2033-10-03
LN000736,CUST000124,23102.06,Car,7.46,2024-06-21,2030-12-19
LN000737,CUST000063,39194.47,Car,8.58,2022-06-10,2027-03-24
LN000738,CUST000504,24350.42,Home,3.9,2022-11-01,2030-03-13
LN000739,CUST000764,27135.87,Education,7.92,2021-04-09,2030-09-25
LN000740,CUST000683,11173.86,Education,5.18,2022-08-12,2027-12-27
LN000741,CUST000456,23658.18,Education,6.23,2021-09-09,2033-02-03
LN000742,CUST000962,27512.69,Education,9.87,2024-04-19,2030-06-27
LN000743,CUST000474,39686.7,Car,3.53,2020-10-11,2027-07-29
LN000744,CUST000466,21903.03,Car,5.29,2022-08-25,2026-12-29
LN000745,CUST000748,26413.99,Home,3.26,2023-07-05,2028-09-01
LN000746,CUST000984,33139.8,Home,8.94,2023-06-03,2029-09-06
LN000747,CUST000802,3570.72,Car,5.79,2021-12-10,2033-06-04
LN000748,CUST000854,3559.53,Education,8.2,2022-10-10,2030-09-29
LN000749,CUST000774,40760.1,Education,6.14,2022-05-17,2027-12-21
LN000750,CUST000149,49701.96,Home,7.98,2022-12-29,2032-06-05
LN000751,CUST000468,28791.95,Home,6.63,2020-04-23,2034-04-23
LN000752,CUST000363,7686.31,Home,8.11,2020-09-03,2034-07-18
LN000753,CUST000358,23450.14,Car,4.7,2021-08-29,2030-02-17
LN000754,CUST000198,44631.79,Home,9.56,2021-04-26,2026-10-10
LN000755,CUST000567,32481.79,Car,5.4,2022-11-21,2029-09-05
LN000756,CUST000646,46116.78,Education,7.83,2023-01-16,2033-08-31
LN000757,CUST000845,32749.41,Car,4.84,2022-05-20,2033-11-18
LN000758,CUST000130,27104.84,Education,4.62,2021-05-03,2029-10-11
LN000759,CUST000867,19886.25,Education,4.98,2024-06-30,2029-03-11
LN000760,CUST000830,2205.33,Home,5.31,2020-05-26,2032-05-31
LN000761,CUST000662,7361.95,Education,3.31,2022-11-26,2028-05-26
LN000762,CUST000525,48301.16,Car,4.15,2024-06-25,2032-04-10
LN000763,CUST000110,25606.45,Home,6.81,2024-09-30,2031-07-19
LN000764,CUST000373,13067.05,Home,4.21,2024-08-17,2033-03-05
LN000765,CUST000960,48899.55,Home,3.19,2022-08-19,2034-07-02
LN000766,CUST000303,9164.7,Home,8.72,2021-12-18,2032-02-14
LN000767,CUST000626,11547.06,Home,8.64,2021-12-20,2029-05-10
LN000768,CUST000652,40829.8,Home,8.36,2020-05-31,2029-09-17
LN000769,CUST000752,11565.75,Car,3.51,2022-02-13,2031-06-22
LN000770,CUST000923,29250.08,Car,8.65,2023-01-12,2031-07-07
LN000771,CUST000503,34458.36,Home,9.03,2024-01-06,2029-05-19
LN000772,CUST000397,7253.0,Car,3.34,2023-08-19,2035-01-30
LN000773,CUST000217,2031.31,Education,6.81,2023-06-18,2027-10-08
LN000774,CUST000637,9667.05,Car,3.03,2021-08-11,2031-11-21
LN000775,CUST000349,9222.85,Home,4.93,2024-03-26,2026-12-03
LN000776,CUST000966,25472.43,Car,5.31,2021-09-29,2032-03-05
LN000777,CUST000993,24251.34,Car,5.8,2022-09-19,2028-05-26
LN000778,CUST000099,39507.24,Home,5.51,2023-01-31,2032-12-11
LN000779,CUST000669,8139.18,Home,7.21,2024-08-15,2030-08-29
LN000780,CUST000860,6064.49,Car,6.61,2022-02-03,2030-02-12
LN000781,CUST000311,40824.49,Car,3.62,2024-12-03,2031-02-22
LN000782,CUST000059,16264.48,Home,6.61,2024-06-23,2026-11-29
LN000783,CUST000976,25851.47,Home,9.2,2024-03-19,2032-02-15
LN000784,CUST000669,32917.73,Home,6.07,2024-09-27,2027-06-06
LN000785,CUST000708,10932.21,Education,7.22,2023-01-07,2032-04-10
LN000786,CUST000596,37900.87,Car,4.89,2023-04-01,2031-05-06
LN000787,CUST000413,20478.81,Education,6.27,2022-11-10,2033-05-09
LN000788,CUST000326,36453.43,Education,3.65,2023-04-09,2034-07-31
LN000789,CUST000590,17096.37,Education,6.41,2022-08-22,2032-06-26
LN000790,CUST000345,20798.97,Car,4.17,2021-11-19,2030-08-10
LN000791,CUST000843,31054.85,Car,9.08,2023-12-27,2034-05-19
LN000792,CUST000457,21644.53,Car,7.58,2023-05-01,2034-08-31
LN000793,CUST000501,42183.72,Home,8.0,2023-09-08,2028-03-11
LN000794,CUST000840,13293.49,Education,6.63,2022-05-23,2030-02-20
LN000795,CUST000173,31461.8,Car,6.49,2024-08-21,2032-01-11
LN000796,CUST000388,18595.28,Car,3.54,2020-06-15,2032-09-22
LN000797,CUST000067,35954.1,Home,6.27,2023-10-13,2031-01-04
LN000798,CUST000631,6411.48,Car,9.29,2025-02-18,2034-02-18
LN000799,CUST000468,26871.38,Education,5.05,2020-01-31,2034-06-01
LN000800,CUST000199,32126.28,Education,6.99,2022-06-16,2030-05-27
LN000801,CUST000542,14058.51,Education,6.94,2020-06-02,2028-10-12
LN000802,CUST000763,12422.2,Home,3.26,2021-10-18,2030-03-21
LN000803,CUST000808,42463.11,Education,9.31,2021-01-28,2029-01-19
LN000804,CUST000420,42433.0,Education,5.86,2022-09-13,2034-07-12
LN000805,CUST000531,27661.74,Home,5.92,2021-10-27,2032-10-11
LN000806,CUST000252,18806.92,Car,8.48,2020-09-14,2026-05-18
LN000807,CUST000465,28082.67,Car,3.78,2020-06-14,2027-06-09
LN000808,CUST000422,46043.79,Education,8.06,2020-06-26,2027-04-24
LN000809,CUST000387,23485.3,Car,5.11,2021-09-10,2032-11-07
LN000810,CUST000855,33086.64,Home,6.42,2021-08-20,2028-03-10
LN000811,CUST000029,18688.45,Car,7.65,2020-09-30,2028-08-21
LN000812,CUST000844,1457.33,Car,7.46,2023-10-02,2026-05-25
LN000813,CUST000744,12628.58,Education,6.75,2022-01-10,2026-06-25
LN000814,CUST000306,48558.0,Car,7.43,2023-04-29,2030-02-09
LN000815,CUST000447,43438.86,Education,4.8,2021-09-19,2033-03-22
LN000816,CUST000758,43243.0,Home,7.56,2022-12-16,2034-03-20
LN000817,CUST000368,39241.98,Car,7.67,2024-10-15,2033-12-06
LN000818,CUST000498,24138.55,Education,8.5,2021-09-03,2029-05-24
LN000819,CUST000874,30687.89,Home,7.04,2021-10-11,2026-11-18
LN000820,CUST000899,25019.31,Education,4.86,2023-12-26,2028-11-30
LN000821,CUST000733,46496.17,Education,3.66,2020-08-08,2027-07-21
LN000822,CUST000362,27197.85,Car,3.56,2023-01-15,2033-01-14
LN000823,CUST000366,38196.42,Car,7.4,2021-11-28,2028-04-23
LN000824,CUST000658,6542.1,Home,3.15,2020-08-19,2034-09-18
LN000825,CUST000873,22057.21,Education,5.0,2020-06-06,2026-08-31
LN000826,CUST000406,28986.05,Home,3.74,2020-10-22,2027-08-24
LN000827,CUST000599,38470.89,Education,5.08,2023-09-06,2026-12-08
LN000828,CUST000381,18688.31,Car,5.47,2020-05-20,2035-01-21
LN000829,CUST000099,39472.04,Education,6.58,2024-12-02,2031-02-12
LN000830,CUST000962,32873.07,Home,9.5,2023-09-13,2029-05-04
LN000831,CUST000715,27570.76,Car,3.98,2023-09-17,2030-07-17
LN000832,CUST000528,9027.27,Car,9.04,2021-02-08,2028-03-03
LN000833,CUST000594,42644.61,Home,7.91,2020-12-24,2032-11-27
LN000834,CUST000607,49580.34,Home,8.13,2021-08-05,2028-05-25
LN000835,CUST000976,42169.1,Home,5.36,2023-02-03,2032-09-18
LN000836,CUST000858,4208.73,Car,8.62,2023-03-04,2027-06-02
LN000837,CUST000344,13231.1,Home,8.98,2024-07-21,2027-10-12
LN000838,CUST000232,18370.77,Home,4.58,2024-12-29,2027-08-26
LN000839,CUST000195,24583.31,Home,9.38,2022-12-16,2031-01-22
LN000840,CUST000817,47530.22,Education,5.35,2020-03-05,2032-03-27
LN000841,CUST000663,16883.04,Car,9.1,2021-11-19,2030-03-01
LN000842,CUST000759,44518.01,Home,3.02,2022-02-08,2033-01-14
LN000843,CUST000216,31925.71,Education,6.3,2022-08-25,2027-09-19
LN000844,CUST000151,35934.05,Home,4.57,2025-02-22,2033-03-13
LN000845,CUST000041,4962.64,Car,3.46,2024-07-17,2029-06-29
LN000846,CUST000238,30193.13,Education,9.9,2020-07-08,2034-11-05
LN000847,CUST000615,33913.64,Home,9.63,2023-11-12,2032-12-30
LN000848,CUST000344,27780.55,Car,8.76,2024-11-25,2035-02-24
LN000849,CUST000706,28970.95,Car,4.11,2023-08-30,2026-09-26
LN000850,CUST000649,35671.51,Home,7.92,2020-02-22,2031-05-01
LN000851,CUST000696,7257.03,Education,8.27,2023-04-20,2026-04-24
LN000852,CUST000533,7652.98,Car,3.64,2024-12-12,2027-04-14
LN000853,CUST000883,24427.83,Education,5.92,2023-01-21,2028-07-07
LN000854,CUST000389,17055.77,Home,3.4,2020-02-06,2033-06-28
LN000855,CUST000579,13375.82,Education,4.19,2020-08-03,2029-11-19
LN000856,CUST000886,40664.44,Home,7.51,2022-04-28,2028-09-16
LN000857,CUST000156,38907.46,Home,7.1,2023-11-24,2029-07-11
LN000858,CUST000415,2627.97,Education,9.96,2021-09-28,2029-09-14
LN000859,CUST000551,49460.42,Car,9.4,2025-02-05,2028-12-15
LN000860,CUST000213,3389.9,Home,9.24,2022-08-10,2034-11-26
LN000861,CUST000146,4387.94,Education,6.92,2022-04-03,2029-12-20
LN000862,CUST000502,11771.5,Education,8.82,2024-08-09,2026-04-13
LN000863,CUST000215,27642.0,Home,5.97,2023-04-11,2031-07-12
LN000864,CUST000819,8892.65,Education,5.03,2020-09-24,2029-04-16
LN000865,CUST000387,18207.79,Home,8.79,2020-01-22,2030-03-14
LN000866,CUST000062,16659.02,Car,9.16,2024-04-27,2030-12-26
LN000867,CUST000002,23188.47,Education,6.15,2025-02-23,2026-08-29
LN000868,CUST000471,9684.24,Home,3.96,2022-03-01,2034-10-09
LN000869,CUST000173,30068.44,Home,8.92,2023-10-02,2029-10-22
LN000870,CUST000293,6247.19,Car,3.67,2024-06-26,2028-04-22
LN000871,CUST000736,4903.21,Education,4.12,2024-12-25,2032-10-24
LN000872,CUST000765,14990.58,Education,7.17,2022-12-29,2027-05-26
LN000873,CUST000828,9055.39,Home,6.56,2020-06-03,2027-07-12
LN000874,CUST000921,28999.96,Education,3.46,2021-02-21,2027-02-05
LN000875,CUST000291,30361.18,Car,9.76,2020-09-26,2029-08-01
LN000876,CUST000333,26884.04,Home,7.78,2021-11-12,2033-05-03
LN000877,CUST000919,17106.83,Car,3.51,2022-12-07,2033-12-29
LN000878,CUST000213,34474.7,Education,3.23,2020-03-05,2029-11-15
LN000879,CUST000455,22739.02,Car,5.43,2023-07-20,2029-07-25
LN000880,CUST000384,41299.14,Home,8.9,2020-05-13,2032-10-17
LN000881,CUST000515,2682.95,Education,9.75,2023-03-17,2031-09-05
LN000882,CUST000134,16974.92,Car,6.17,2023-10-13,2026-09-29
LN000883,CUST000139,13565.23,Home,4.59,2021-01-28,2033-04-06
LN000884,CUST000589,9903.07,Home,7.86,2021-07-29,2031-08-21
LN000885,CUST000002,32951.71,Home,3.05,2023-06-27,2031-08-12
LN000886,CUST000608,11868.79,Car,3.58,2020-03-25,2033-01-14
LN000887,CUST000536,46842.27,Home,6.62,2022-01-16,2026-05-02
LN000888,CUST000247,39257.52,Education,9.34,2021-08-22,2032-03-29
LN000889,CUST000490,11688.76,Home,3.06,2022-08-11,2030-09-07
LN000890,CUST000661,12021.12,Car,9.36,2022-06-12,2034-06-14
LN000891,CUST000839,14570.18,Car,4.11,2023-07-13,2028-11-07
LN000892,CUST000184,31903.21,Home,5.5,2025-02-25,2030-01-14
LN000893,CUST000384,12052.62,Car,9.28,2022-02-23,2026-12-06
LN000894,CUST000680,20538.27,Home,5.85,2022-02-17,2028-08-31
LN000895,CUST000292,22974.06,Education,9.39,2020-07-01,2028-01-15
LN000896,CUST000982,44306.93,Car,9.23,2022-08-14,2028-03-02
LN000897,CUST000839,32401.32,Home,5.99,2024-11-14,2031-01-05
LN000898,CUST000735,19335.98,Car,6.26,2022-04-15,2030-02-15
LN000899,CUST000290,27036.54,Education,5.56,2024-01-21,2034-05-17
LN000900,CUST000998,28518.36,Education,3.97,2022-03-29,2032-03-03
LN000901,CUST000314,25001.51,Car,7.72,2024-10-04,2029-09-08
LN000902,CUST000106,31265.27,Home,5.1,2021-07-29,2032-06-30
LN000903,CUST000271,23262.6,Home,6.39,2021-04-17,2031-05-27
LN000904,CUST000600,41780.43,Home,3.98,2020-12-14,2030-11-05
LN000905,CUST000083,37745.6,Car,9.74,2023-03-01,2030-06-17
LN000906,CUST000552,15435.46,Car,4.08,2025-01-30,2029-04-27
LN000907,CUST000415,34473.49,Car,4.29,2023-10-05,2032-01-05
LN000908,CUST000462,39113.76,Education,3.15,2022-01-27,2031-07-25
LN000909,CUST000515,27232.61,Education,4.69,2021-05-29,2027-09-09
LN000910,CUST000213,9472.97,Home,4.03,2020-12-14,2026-10-24
LN000911,CUST000505,37120.97,Education,7.66,2021-07-21,2031-03-09
LN000912,CUST000310,25155.02,Education,3.03,2021-10-26,2032-02-13
LN000913,CUST000252,29628.77,Home,7.04,2025-02-18,2030-07-20
LN000914,CUST000982,19587.75,Home,9.35,2024-08-30,2028-08-25
LN000915,CUST000372,4745.37,Car,6.64,2020-10-03,2026-04-04
LN000916,CUST000147,41724.8,Car,3.46,2021-10-03,2028-05-30
LN000917,CUST000295,27677.6,Education,9.06,2020-08-06,2027-11-21
LN000918,CUST000330,6626.59,Car,6.49,2024-07-14,2030-03-17
LN000919,CUST000421,39595.47,Car,7.46,2020-09-16,2027-12-18
LN000920,CUST000932,21235.73,Education,8.36,2023-06-28,2030-01-22
LN000921,CUST000564,11904.43,Car,9.69,2022-11-05,2032-05-28
LN000922,CUST000996,24256.64,Home,6.27,2023-01-20,2027-12-31
LN000923,CUST000095,44172.78,Car,4.41,2021-10-03,2026-04-08
LN000924,CUST000473,33468.33,Home,6.52,2024-10-06,2030-08-27
LN000925,CUST000254,4636.62,Education,9.18,2024-01-26,2031-07-13
LN000926,CUST000653,35822.08,Car,8.55,2023-03-31,2028-02-20
LN000927,CUST000447,47977.85,Home,3.12,2024-12-05,2030-12-30
LN000928,CUST000030,46457.89,Car,4.16,2024-05-10,2034-02-23
LN000929,CUST000844,13078.54,Car,9.82,2020-07-27,2034-06-19
LN000930,CUST000069,16199.9,Education,9.78,2024-08-27,2034-04-18
LN000931,CUST000106,13200.8,Home,6.44,2024-10-14,2031-12-29
LN000932,CUST000642,35167.58,Home,5.0,2021-12-13,2032-02-22
LN000933,CUST000006,2993.66,Education,9.08,2022-07-03,2026-10-10
LN000934,CUST000767,30723.56,Car,7.6,2022-08-09,2027-08-22
LN000935,CUST000452,34629.17,Car,9.01,2023-09-02,2027-03-06
LN000936,CUST000417,16433.56,Education,4.0,2022-09-27,2031-07-27
LN000937,CUST000560,12281.77,Education,4.75,2024-04-19,2031-12-26
LN000938,CUST000807,48008.27,Home,6.34,2021-02-18,2033-04-07
LN000939,CUST000904,2044.72,Education,4.78,2020-03-06,2029-06-10
LN000940,CUST000672,30897.51,Home,6.55,2020-03-18,2027-10-12
LN000941,CUST000173,4644.2,Education,5.51,2024-07-20,2026-12-18
LN000942,CUST000811,1976.97,Education,4.1,2022-05-04,2032-10-16
LN000943,CUST000033,18381.43,Home,4.6,2022-04-15,2034-06-01
LN000944,CUST000938,49828.72,Car,7.54,2023-10-22,2027-09-08
LN000945,CUST000936,4271.1,Home,8.85,2020-09-03,2034-12-05
LN000946,CUST000386,45365.59,Education,4.93,2024-07-21,2029-03-15
LN000947,CUST000284,24639.59,Home,6.27,2023-10-13,2026-11-26
LN000948,CUST000101,24635.41,Home,6.43,2021-04-19,2028-05-20
LN000949,CUST000235,47861.5,Education,4.78,2024-12-24,2028-09-08
LN000950,CUST000942,8726.21,Home,6.32,2022-12-28,2029-03-26
LN000951,CUST000950,12822.99,Car,9.27,2020-11-18,2027-03-21
LN000952,CUST000563,36635.58,Education,6.02,2020-09-29,2032-06-17
LN000953,CUST000779,16465.78,Home,5.6,2023-03-03,2028-06-16
LN000954,CUST000678,31746.33,Car,4.39,2023-04-17,2027-03-05
LN000955,CUST000997,14734.46,Car,8.11,2022-07-13,2030-05-06
LN000956,CUST000570,1798.17,Home,8.96,2022-03-16,2033-11-22
LN000957,CUST000972,8171.28,Home,3.69,2021-04-27,2029-01-18
LN000958,CUST000942,41569.96,Car,9.26,2022-05-27,2031-05-16
LN000959,CUST000774,1673.5,Education,8.44,2024-08-18,2028-01-27
LN000960,CUST000472,13883.87,Car,6.33,2024-07-13,2027-10-15
LN000961,CUST000235,47048.92,Car,7.39,2022-12-20,2029-05-24
LN000962,CUST000504,28591.39,Home,3.28,2023-06-22,2026-04-18
LN000963,CUST000561,28423.34,Education,8.92,2023-06-10,2030-02-04
LN000964,CUST000168,12201.03,Education,3.92,2022-08-15,2030-02-09
LN000965,CUST000084,32618.11,Education,6.48,2025-01-10,2033-06-21
LN000966,CUST000740,31303.67,Car,9.44,2024-09-11,2029-09-01
LN000967,CUST000055,12197.14,Home,7.12,2023-03-11,2033-01-03
LN000968,CUST000629,10361.43,Education,3.13,2024-08-08,2028-10-13
LN000969,CUST000051,14722.8,Car,3.15,2025-02-28,2026-11-23
LN000970,CUST000999,48195.76,Car,5.26,2021-06-04,2026-10-19
LN000971,CUST000978,8111.77,Education,9.96,2022-12-31,2028-10-06
LN000972,CUST000685,9401.55,Home,7.7,2023-03-17,2029-01-08
LN000973,CUST000226,2373.88,Education,6.36,2021-10-28,2032-11-25
LN000974,CUST000823,9635.15,Car,6.64,2021-06-27,2033-04-28
LN000975,CUST000063,14247.08,Car,3.61,2021-03-08,2027-06-25
LN000976,CUST000269,42475.25,Education,3.09,2025-01-27,2027-10-10
LN000977,CUST000395,49932.84,Education,7.91,2022-12-28,2028-10-07
LN000978,CUST000862,6232.67,Education,4.26,2020-07-29,2029-08-21
LN000979,CUST000608,7609.45,Education,3.76,2022-05-22,2032-01-06
LN000980,CUST000981,6107.4,Home,6.2,2022-12-21,2031-05-20
LN000981,CUST000918,41535.93,Home,8.14,2021-05-21,2026-08-12
LN000982,CUST000527,9470.62,Education,9.47,2021-12-19,2035-01-28
LN000983,CUST000135,45448.48,Home,8.43,2022-10-27,2031-09-26
LN000984,CUST000901,25522.57,Education,8.0,2023-10-15,2026-05-04
LN000985,CUST000315,20264.81,Home,5.33,2020-05-10,2031-10-24
LN000986,CUST000749,9091.08,Car,5.43,2022-04-27,2027-09-26
LN000987,CUST000898,1636.93,Education,3.63,2024-02-28,2032-02-26
LN000988,CUST000849,33095.29,Education,4.26,2020-08-30,2027-01-26
LN000989,CUST000204,37975.93,Education,3.2,2021-02-18,2034-04-15
LN000990,CUST000213,46378.07,Car,7.49,2020-05-15,2031-11-15
LN000991,CUST000402,13078.93,Education,9.3,2022-07-25,2031-11-25
LN000992,CUST000883,10109.55,Car,7.66,2021-09-07,2030-01-02
LN000993,CUST000838,48498.08,Education,4.99,2024-02-17,2031-05-30
LN000994,CUST000589,48181.3,Home,6.18,2023-05-13,2031-09-10
LN000995,CUST000879,6105.78,Home,9.47,2022-01-20,2031-07-16
LN000996,CUST000115,30624.71,Car,4.26,2021-04-14,2034-10-25
LN000997,CUST000233,1091.69,Car,5.64,2021-10-15,2034-05-30
LN000998,CUST000407,1294.0,Car,8.71,2022-07-20,2032-04-25
LN000999,CUST000003,45571.32,Education,6.07,2021-08-08,2033-06-29
LN001000,CUST000878,43138.08,Car,9.67,2020-09-17,2034-04-07
